claim_id,section,statement,claim_type,tier,evidence,status,priority,last_checked,note,source_ref,stale_after
1.0-egc-definition,1,內皮糖萼是覆蓋在血管內皮細胞管腔表面、含水且富含碳水化合物的結構層。,definition,,,unverified,low,,,glycocalyx/v3#1;mitochondria/axis#1.1.1,
1.1-dynamic-organelle,1.1,eGC 應被概念化為動態內皮細胞器，而非僅由厚度定義的靜態屏障。,definition,,,unverified,med,,框架性主張；需找到提出此定義的關鍵綜述,glycocalyx/v3#1.1;intake/2026-07-28-糖萼層生理#L5,
1.1-qualitative-precedes-dysfunction,1.1,糖萼的性質改變（qualitative alterations）先於可偵測的內皮功能障礙出現。,mechanism,,,unverified,high,,全文核心論點，必須有縱向或時序性證據支持,glycocalyx/v3#1.1,
1.2-ecsod-mito-protection,1.2,糖萼結合的 ecSOD 可阻止外部氧化衝擊傳入細胞，避免線粒體 ROS 誘導的通透性轉換與凋亡。,mechanism,,,unverified,high,,文件標示為 2025 年新興數據，需查證,glycocalyx/v3#1.2;intake/2026-07-28-糖萼層生理#L39,
1.2-ext-activity-drop,1.2,線粒體功能障礙或氧化壓力會降低 EXT1/EXT2 活性，導致 HS 鏈變短與硫酸化異常。,mechanism,,,unverified,high,,,glycocalyx/v3#1.2,
1.2-mito-glycocalyx-axis,1.2,內皮線粒體代謝與糖萼結構之間存在雙向調節軸。,mechanism,,,unverified,high,,新興概念，需確認是否已有明確命名此軸的文獻,glycocalyx/v3#1.2;intake/2026-07-28-糖萼層生理#L40;mitochondria/axis#1.2,
1.2-udp-nad-dependency,1.2,糖萼合成依賴 UDP-糖庫可用性與胞質 NAD+/NADH 比值。,mechanism,,,unverified,med,,,glycocalyx/v3#1.2,
1.2.1-glycolysis-85-90pct,1.2.1,靜息狀態下內皮細胞 85-90% 的能量來自糖解作用。,fact,,,unverified,high,,具體數值，需查原始測量。內皮偏好糖解為領域共識，但此百分比區間的出處待查,mitochondria/axis#1.1.2,
1.2.1-lung-aorta-mito-density-2-3x,1.2.1,肺微血管內皮的線粒體密度比主動脈內皮高 2-3 倍。,fact,,,unverified,high,,具體數值加解剖歸屬。與 3.3-thrombosis-2-3x 的「2-3 倍」無關（不同量），依 SCHEMA §2 屬不同條,mitochondria/axis#1.1.2,
1.2.1-mito-calcium-apoptosis-ros,1.2.1,內皮線粒體作為細胞內環境傳感器，調節鈣離子濃度與細胞凋亡，並產生適量 ROS 作為信號分子。,mechanism,,,unverified,med,,三個功能並列，可獨立證偽但同屬「線粒體作為感測器」的分述，暫不拆。若查證時三者證據強度不同，依 SCHEMA §6 拆列,mitochondria/axis#1.1.2,
1.2.1-mito-signaling-not-atp,1.2.1,內皮線粒體的主要功能是信號傳遞而非能量生產，在缺氧等壓力下可切換至氧化磷酸化提供輔助能量。,mechanism,,,unverified,med,,原文措辭為「主要功能不是發電而是信號傳遞」，並稱可「快速切換」。「快速」無時間尺度，抽取時未納入 statement,mitochondria/axis#1.1.2,
1.2.1-oxphos-30-40pct,1.2.1,內皮細胞進行血管新生、傷口修復或對抗氧化壓力時，線粒體氧化磷酸化可提供高達 30-40% 的能量。,fact,,,unverified,high,,具體數值。「高達」為原文措辭，保留。三種活化情境（血管新生／傷口修復／抗氧化壓力）是否各自有此數值，原文未區分,mitochondria/axis#1.1.2,
1.3-capillary-recruitment,1.3,糖萼參與微循環的微血管徵召，在血流增加時協助開放更多毛細血管。,mechanism,,,unverified,med,,,glycocalyx/v3#1.3,
2.1.1-aging-10pct-per-decade,2.1.1,40 歲之後糖萼厚度每十年減少約 10%。,epidemiology,,,unverified,high,,未給族群、測量方法與血管床。與 2.2-brain-mouse-0.54-0.23 的老化幅度是否一致須一併核對,intake/2026-07-28-糖萼層生理#L25,
2.1.1-consensus-2-4um,2.1.1,內皮糖萼厚度在臨床與活體測量下落在 2-4 μm。,measurement,,,unsupported,high,2026-07-27,三次不同措辭檢索均未找到「臨床與活體共識 2-4 μm」。人體臨床測量實際值：舌下 OPS 約 0.5 μm（範圍 0.3-0.75）；GlycoCheck PBR 約 1.8-2.3 μm，但 PBR 是紅血球穿透深度、為逆向指標而非厚度（原文 2.1.2 自己有寫）。綜述給出的範圍為 0.2-2 μm 或 1-5 μm，無一為 2-4。疑為把 PBR 數值誤讀為厚度。原 statement 措辭為「臨床與多數活體測量的共識厚度值」，2026-07-30 依 SCHEMA §6 移除未具名權威宣稱「共識」，數值與歸屬未動,glycocalyx/v3#2.1.1,
2.1.1-em-underestimate,2.1.1,傳統電子顯微鏡的脫水固定步驟導致糖萼坍塌，因而顯著低估其厚度。,measurement,animal,DOI:10.1038/s41586-025-08589-9;PMID:21474821,verified,low,2026-07-28,Shi 2025 明言傳統電子顯微鏡無法呈現糖萼層，須加入陽離子金屬染劑（硝酸鑭、釕紅）才能顯示內腔醣層。PMID:21474821 提供同批培養細胞的直接對照：傳統 TEM 0.040 μm vs RF/FS-TEM 11 μm,glycocalyx/v3#2.1.1,
2.1.1-extreme-11um,2.1.1,糖萼功能性水合層厚度可達 11 μm。,measurement,in_vitro,PMID:21474821;!PMID:18258858;!PMID:21775768,contested,high,2026-07-27,11 μm 出處確認為 Ebong 2011 RF/FS-TEM，但條件為體外培養牛主動脈內皮細胞（同篇大鼠脂肪墊 EC 5.83 μm；同細胞傳統 TEM 僅 0.040 μm），非腎絲球、非活體。同細胞型別以 μ-PIV 測得流體力學相關厚度僅 0.02±0.04 μm，ATVB 同期評論質疑為技術造成。tier 依 SCHEMA v2 §5 排除反駁 token，記為 in_vitro。反駁內容：PMID:18258858（animal，小鼠活體 μ-PIV，同細胞型別測得 0.02 μm，數值相差 500 倍）；PMID:21775768（review，同期評論，質疑為標本製備技術所致）。原 statement 措辭為「部分文獻報告」，2026-07-30 依 SCHEMA §6 移除無主詞措辭，數值與歸屬未動。同源列 2.1.1-extreme-11um-brain-kidney 同批改,glycocalyx/v3#2.1.1,
2.1.1-extreme-11um-brain-kidney,2.1.1,腦部與腎臟微血管的糖萼厚度可達 11 μm。,measurement,,!PMID:30504908;!PMID:26608651;!PMID:37184739,unsupported,high,2026-07-29,四次檢索未見任何直接量測腦部或腎臟微血管達 11 μm 的原始研究。〔推論〕最可能出處為 Gromnicova 2016（DOI:10.1371/journal.pone.0161610）：該文比較人腦內皮 hCMEC/D3 與腎絲球內皮 ciGENC 的金奈米粒子攝取，於「內皮糖萼在奈米粒子攝取中的角色」一段以通則語氣寫糖萼可自 0.5 μm 延伸至 11 μm，所引四篇（Ebong 2011 培養牛主動脈內皮、van den Berg 2003 心肌、van Haaren 2003 離體動脈、Yuan 與 Rigor 教科書章節）無一為腦或腎，該文本身也未量測任何厚度。反駁文獻：PMID:30504908（animal，小鼠腦微血管硝酸鑭 TEM）；PMID:26608651（animal，小鼠腎絲球 cThO2 TEM，連續層自 50 nm 以下至 300 nm）；PMID:37184739（animal，小鼠腎臟血管 EM，大血管約 250 nm、微血管最高 800 nm）。三者均為次微米級，與 11 μm 相差逾一個數量級。同源列：2.1.1-extreme-11um、2.1.1-glomerular-4-11um。原 statement 措辭為「部分文獻報告」，2026-07-30 依 SCHEMA §6 移除無主詞措辭，數值與歸屬未動，同源列同批改,intake/2026-07-28-糖萼層生理#L4,
2.1.1-glomerular-4-11um,2.1.1,腎絲球微血管糖萼厚度可達 4-11 μm。,measurement,,!PMID:26608651;!PMID:17942961;!PMID:37184739,unsupported,high,2026-07-29,腎絲球糖萼的直接量測皆為次微米級：PMID:26608651（小鼠腎絲球，陽離子二氧化釷 cThO2 TEM，連續層自 50 nm 以下至 300 nm）；PMID:17942961（人類條件性永生化腎絲球內皮細胞 ciGEnC，體外，約 200 nm）；PMID:37184739（小鼠腎臟，大血管約 250 nm、腎小管周圍微血管最高 800 nm）。〔推論〕4-11 μm 的兩個端點各自來自非腎絲球的量測：11 μm 為 PMID:21474821 的培養牛主動脈內皮細胞 RF/FS-TEM；4 μm 應源自該文引述的小鼠頸動脈雙光子與共軛焦顯微鏡 4.5 μm（PMID:17192719）。兩個非腎絲球數值被組合成區間後歸給腎絲球，屬 STATUS §3.6 歸屬漂移。同源列：2.1.1-extreme-11um、2.1.1-extreme-11um-brain-kidney,intake/2026-07-28-糖萼層生理#L10,
2.1.1-invivo-0.5-5um,2.1.1,活體測量顯示糖萼有效厚度約為 0.5-5 μm。,measurement,animal,PMID:18258858;PMID:18441021;PMID:8781491,partial,high,2026-07-27,下限有支持、上限查無出處。活體「有效厚度」在文獻中專指流體力學相關厚度：小鼠提睪肌小靜脈 0.52±0.28 μm、小動脈 0.38 μm、倉鼠提睪肌微血管 0.4-0.5 μm，皆約 0.5 μm 量級。5 μm 未見於任何活體測量；最接近者為離體小鼠頸動脈雙光子 4.5 μm（PMID:17192719）與體外培養細胞 RF/FS-TEM 5.83 μm（PMID:21474821），兩者皆非活體。Tarbell 2016 綜述給出的 1-5 μm 為「體外與活體合併」範圍。statement 需改為指明測量情境與血管床,glycocalyx/v3#2.1.1;intake/2026-07-28-糖萼層生理#L4;glycocalyx/heparanase#1.1,
2.1.1-mucin-o-glycosylation-aging,2.1.1,黏蛋白型 O-醣基化減少導致腦微血管糖萼結構不穩。,mechanism,animal,DOI:10.1038/s41586-025-08589-9,verified,med,2026-07-28,同上研究。老化小鼠腦內皮 C1GALT1 與 B3GNT3 下降；StcE 切除黏蛋白域醣蛋白後 24 小時糖萼顯著降解、48 小時出現腦出血；AAV 過表現 B3GNT3 可回復屏障功能。機制方向與 statement 相符,intake/2026-07-28-糖萼層生理#L154,
2.1.2-pbr-cutoff-2.0-2.2,2.1.2,PBR 高於 2.0-2.2 μm 為早期糖萼損傷的切點。,epidemiology,,,unverified,high,,出自 §5.1 SDF 段。與 2.1.2-pbr-normal-1.8 之間留有 1.8-2.0 的未定義帶，原文未說明該區間如何判讀,glycocalyx/heparanase#5.1,
2.1.2-pbr-inverse,2.1.2,PBR 為逆向指標：PBR 升高代表糖萼變薄、受損或屏障功能喪失。,measurement,,,unverified,high,,整套影像評估的邏輯基礎,glycocalyx/v3#2.1.2,
2.1.2-pbr-normal-1.8,2.1.2,PBR 的正常值低於 1.8 μm。,measurement,,,unverified,high,,出自 §5.1 SDF 段。PBR 為逆向指標（見 2.1.2-pbr-inverse），此處方向正確：正常值為上限而非下限。查證時注意 STATUS §3.3,glycocalyx/heparanase#5.1,
2.1.2-pbr-sampling,2.1.2,PBR 分析每 10 μm 設一測量點，每點放置 21 條間隔 0.5 μm 的測量線分析紅血球柱寬度分布。,measurement,,,unverified,med,,,glycocalyx/v3#2.1.2,
2.1.2-pbr-screening-cutoff-2.0,2.1.2,PBR 高於 2.0 μm 為第二線篩檢的判讀閾值。,epidemiology,,,unverified,high,,出自 §5.4 三線篩查流程第二線。〔注意〕同一份文件內 PBR 的閾值出現三個版本：§5.1 為「> 2.0-2.2 μm」（本批 2.1.2-pbr-cutoff-2.0-2.2）、§5.4 為「> 2.0 μm」（本列）、§5.7 為治療目標「< 2.0 μm」（5B 範圍）。同一個 2.0 在三處分別是區間下界、篩檢閾值、治療目標，三列須併看,glycocalyx/heparanase#5.4,
2.1.2-pbr-treatment-target-2.0,2.1.2,糖萼保護治療的追蹤目標為舌下 PBR 低於 2.0 μm。,therapeutic,,,unverified,high,,出自 §5.7。〔注意〕這是本檔 PBR 閾值的第三個版本：§5.1「早期損傷 > 2.0-2.2 μm」（2.1.2-pbr-cutoff-2.0-2.2）、§5.4「第二線篩檢 > 2.0 μm」（2.1.2-pbr-screening-cutoff-2.0）、本列「治療目標 < 2.0 μm」。同一個 2.0 在三處分別是區間下界、篩檢閾值、治療目標，三列須併看,glycocalyx/heparanase#5.7,
2.1.2-sdf-540nm,2.1.2,SDF 成像使用 540nm 綠光 LED，該波長被血紅素特異性吸收以顯影微血管網絡。,measurement,,,unverified,low,,,glycocalyx/v3#2.1.2,
2.1.2-sdf-bedside-5min,2.1.2,SDF 舌下微循環檢測為無創，可於床邊 5 分鐘內完成。,measurement,,,unverified,med,,出自 §5.1 SDF 段「優點」,glycocalyx/heparanase#5.1,
2.1.2-sdf-glycocheck-software,2.1.2,GlycoCheck 為 SDF 舌下微循環影像的市售分析軟體。,definition,,,unverified,low,,出自 §5.1 SDF 段「儀器：GlycoCheck®（市售軟體）」。原文同時稱其為儀器與軟體,glycocalyx/heparanase#5.1,
2.1.2-sdf-optics,2.1.2,SDF 系統配備 5 倍物鏡與 0.2 NA，放大約 325 倍，以每秒 23 幀捕捉影像。,measurement,,,unverified,med,,硬體規格，應可由儀器文獻確認,glycocalyx/v3#2.1.2,
2.2-artery-2-3um,2.2,大動脈糖萼厚度可達 2-3 μm。,measurement,animal,PMID:22349291;PMID:21273784;PMID:17192719,partial,med,2026-07-27,主動脈實測支持約 2 μm（大鼠與小鼠主動脈 ex vivo 抗-HS 共軛焦），小鼠總頸動脈雙光子 2.3±0.1 μm。但「可達 2-3 μm」的上限不成立：同為頸動脈的雙光子研究報 4.5 μm（PMID:17192719）。另 2025 綜述將 2-3 μm 歸於中等口徑血管、4.5 μm 歸於大血管（DOI:10.1038/s41467-025-66169-x），與原文「大動脈 2-3 μm」的歸屬相反。statement 需改寫,glycocalyx/v3#2.2,
2.2-brain-1-3um,2.2,腦微血管糖萼厚度約 1-3 μm，為血腦屏障的第一道防線。,measurement,,!PMID:30504908;!DOI:10.1038/s41586-025-08589-9,unsupported,med,2026-07-28,1-3 μm 查無出處。兩項獨立的小鼠硝酸鑭 TEM 直接測量皆為次微米級：Ando 2018 腦微血管糖萼平均長度 301.0±111.8 nm；Shi 2025 年輕小鼠 0.540 μm。相差約一個數量級。statement 的「血腦屏障第一道防線」部分兩篇均支持（Ando：腦內腔覆蓋率 40.1%，顯著高於心 15.1%、肺 3.7%）。與 2.2-brain-mouse-0.54-0.23 為同指標不同數值，依 SCHEMA §2 並列,glycocalyx/v3#2.2;intake/2026-07-28-糖萼層生理#L12,
2.2-brain-mouse-0.54-0.23,2.2,小鼠腦微血管糖萼厚度在年輕個體約 0.54 μm，老化後降至 0.23 μm。,measurement,animal,DOI:10.1038/s41586-025-08589-9,verified,high,2026-07-28,Shi et al. 2025 Nature 639:985-994。C57BL/6 小鼠皮質微血管，TEM＋硝酸鑭染色。年輕 3 月齡 0.540±0.086 μm、老化 21 月齡 0.232±0.092 μm，n=4/組。數值與 statement 完全相符。此為小鼠灌注固定測量，非人體,intake/2026-07-28-糖萼層生理#L154,
2.2-cap-0.2-0.5um,2.2,微血管糖萼厚度約 0.2-0.5 μm。,measurement,animal,PMID:12637366;PMID:8781491,verified,high,2026-07-27,0.2-0.5 μm 逐字相符：大鼠左心室心肌微血管 Alcian blue 8GX 電鏡（van den Berg 2003）。倉鼠提睪肌微血管活體 0.4-0.5 μm 獨立支持；人體舌下 OPS 約 0.5 μm 亦一致。分歧值：抗-HS 共軛焦於大鼠腸繫膜微血管測得 0.9±0.1 μm、微血管後小靜脈 1.2±0.3 μm（PMID:22349291），方法與血管床不同。注意與同節「腦微血管 1-3 μm」（2.2-brain-1-3um）不一致，該條應優先查證,glycocalyx/v3#2.2,
2.2-glomerular-hs-charge,2.2,腎絲球微血管糖萼極厚且富含 HS，藉負電荷排斥白蛋白以維持電荷選擇性屏障。,mechanism,animal,PMID:17942961;PMID:29058634;!PMID:26608651;!DOI:10.1152/ajprenal.00126.2019,contested,med,2026-07-29,本列含三個可獨立證偽的宣稱，判定結果彼此不同，建議依 SCHEMA §6 拆列（提案見 reports/backfill/2026-07-29-2.2-b1.md）。(1)「極厚」：反駁。PMID:26608651（animal，小鼠腎絲球 cThO2 TEM，50 nm 以下至 300 nm）為次微米級；PMID:29058634 原文只說連續型與開窗型「比竇狀型厚」，是比較性陳述，未給絕對值，屬 STATUS §3.9 型。(2)「富含 HS」：未見反駁。(3)「藉負電荷排斥白蛋白維持電荷選擇性」：部分支持、部分反駁。PMID:17942961（in_vitro，人類 ciGEnC）顯示移除唾液酸使跨內皮電阻降 59%、白蛋白通量增 207%，但專一切除 HS 的 heparinase III 與 human heparanase 對電阻無影響、白蛋白通過僅增 40% 與 39%——糖萼確為白蛋白屏障，但電荷選擇性不主要由 HS 承擔。DOI:10.1152/ajprenal.00126.2019（animal，斑馬魚胚胎全身 HS-GAG 缺失）腎絲球過濾大致完好，並指出足細胞專一性 HS-GAG 剔除亦未造成蛋白尿。tier 依 SCHEMA §5 取支持 token 中最高者記為 animal，但該 animal token（PMID:29058634）只支持「糖萼覆蓋腎絲球開窗、構成屏障」的結構部分，不支持電荷機制,glycocalyx/v3#2.2;intake/2026-07-28-糖萼層生理#L10;glycocalyx/heparanase#2.3,
2.2-liver-porous-physiological,2.2,肝竇狀血管糖萼薄且多孔屬生理性適應而非病理性受損。,mechanism,animal,PMID:29058634,partial,med,2026-07-29,PMID:29058634（animal，小鼠，硝酸鑭 TEM/SEM）在健康對照組直接測得肝竇糖萼佔管腔面積 3.7 ± 0.3%，顯著低於心 13.6 ± 2.0% 與腎絲球 16.7 ± 1.8%，且糖萼不覆蓋竇狀血管的開放開窗、同時存在於面向 Disse 腔的一側；LPS 組再進一步下降。「薄為健康狀態的常態」有直接影像證據。判 partial 的兩個理由：(1)「多孔」描述的是竇狀血管本身的大孔，非糖萼結構多孔，statement 混用了兩者；(2)「生理性適應」的機制（肝竇內皮表現玻尿酸攝取受體、主動移除 HA 因而無法形成有效糖萼）在該文為引述綜述，非本文實測，依 queries.md §1.6 引述不得代替原文。statement 須改寫為「肝竇狀血管糖萼在健康狀態下即顯著薄於連續型與開窗型微血管」,glycocalyx/v3#2.2;intake/2026-07-28-糖萼層生理#L14,
2.2-lung-thin-sdc1,2.2,肺微血管糖萼相對較薄（約 0.4-0.5 μm）且富含 Syndecan-1，有助氣體交換與中性球快速募集。,mechanism,animal,PMID:30504908,partial,med,2026-07-28,「相對較薄」方向成立：Ando 2018 小鼠肺微血管糖萼平均長度 65.4±28.4 nm，為腦 301.0 nm、心 135.5 nm、肺三者最薄，內腔覆蓋率僅 3.7%。但 0.4-0.5 μm 不成立——實測約 0.065 μm，差約 7 倍。最接近 0.5 μm 者為 Vink & Duling 1996 的**肌肉**微血管（PMID:8781491），非肺。歸屬錯置模式與 2.1.1-extreme-11um 同型。「富含 Syndecan-1」與「有助中性球快速募集」本批次未查,glycocalyx/v3#2.2;intake/2026-07-28-糖萼層生理#L8,
2.2-pathological-50-90pct,2.2,病理狀態下糖萼厚度可減少 50-90%。,measurement,human_obs,PMID:16567538,partial,high,2026-07-29,厚度實測降幅未達 50-90%：第一型糖尿病舌下微血管 0.5±0.1 vs 對照 0.9±0.1 μm，降約 44%（PMID:16567538）。同篇以雙示蹤劑稀釋測得的全身糖萼「體積」由對照 1.5±0.1 L 降至併微量白蛋白尿組 0.2±0.1 L，降約 87%，落在 50-90% 區間內。厚度與體積是不同量測，statement 未指明何者。〔推論〕50-90% 可能是體積降幅被寫成厚度降幅。source_ref 第二 token 疑掛錯，見 reports/backfill/2026-07-29-2.2-b2b.md,glycocalyx/v3#2.2;intake/2026-07-28-糖萼層生理#L92,
2.2-repair-7-14d,2.2,糖萼完全重建需要 7-14 天。,mechanism,animal,PMID:19443840,partial,high,2026-07-29,實測完全回復為 5-7 天：小鼠提睪肌小靜脈，μ-PIV 測流體力學相關厚度，酵素或細胞激素誘導降解後的內源性回復，對照組厚度 0.52±0.27 μm（PMID:19443840）。7-14 天的上界查無出處。依 STATUS §4 已先分開三種修復：外源補充為分鐘至小時級、肺 ESL 於敗血症後 48-72 h、內源性回復 5-7 天；本條對應第三種。statement 需收斂為 5-7 天並限定物種與量測法,glycocalyx/v3#2.2,
2.2-sdc1-halflife-2-8h,2.2,Syndecan-1 的半衰期約為 2-8 小時。,mechanism,,~PMID:1533636;~PMID:11755208,unsupported,high,2026-07-29,五種措辭均查不到 syndecan-1 的半衰期數值（B1 兩式見 queries §4，本批三式見 §1.10）。2-8 小時這個量級在文獻中屬於細胞表面 HSPG 類別的周轉：大鼠卵巢顆粒細胞 GPI 錨定型內吞 t½ 約 3 h、蛋白嵌入型約 4 h（PMID:1533636）；大鼠肝細胞完整 HSPG 表面滯留 T½ 約 2-3 h（PMID:11755208）。兩篇皆非內皮細胞、非 syndecan-1，屬「相關但不對位」，依 STATUS §5 未填入 evidence。2026-07-31 schema v6：兩篇依 §4 以 ~ 前綴寫入 evidence，不對位維度為「量測對象」（非內皮細胞、非 syndecan-1）,glycocalyx/v3#2.2,
2.2-sepsis-shedding-30min,2.2,敗血症中糖萼可於 30 分鐘內大量脫落。,mechanism,,~PMID:17923576;~PMID:21890663,unsupported,high,2026-07-29,三次不同措辭檢索，未見任何文獻報告敗血症中糖萼於 30 分鐘內大量脫落。敗血症模型的實測時序相反：PMID:29058634（animal，小鼠 LPS 20 mg/kg）血漿 syndecan-1 於 12 小時 7.8 ± 0.9 ng/ml、24 小時 14.4 ± 2.0 ng/ml、48 小時回基線，最早取樣點為 12 小時；綜述另引小鼠 LPS 模型 syndecan-1 於 6 小時起升、約 24 小時達峰。〔推論〕「分鐘級脫落」的實測全部出自缺血再灌流而非敗血症：PMID:17923576（human_obs，人類大血管手術合併循環停止，早期再灌流 0-15 分鐘內 syndecan-1 升 42 倍、heparan sulfate 升 10 倍）、PMID:21890663（animal，天竺鼠離體心臟，缺氧灌流一開始即見 syndecan-1 與 HS 釋出）。依 queries.md §1.5，敗血症與缺血再灌流是已知的交錯領域。〔推論〕「30 分鐘」這個數字本身在敗血症文獻中確實存在，但指的是**修復**而非脫落：LPS 小鼠經靜脈輸注預組裝糖萼脂質體奈米載體後 30 分鐘內糖萼恢復。過程方向相反。evidence 留空的理由：上列四筆均為高度相關但不對位——PMID:29058634 最早取樣為 12 小時，無法排除 30 分鐘的短暫脫落，不足以作為反駁 token；兩筆缺血再灌流文獻反駁的是歸屬而非現象本身。2026-07-31 schema v6：兩篇缺血再灌流文獻依 §4 以 ~ 前綴寫入 evidence，不對位維度為「歸屬」（分鐘級脫落屬缺血再灌流而非敗血症）。PMID:29058634 未寫入：其取得過程在 STATUS §4 記為「僅透過 Ando 2018 轉述得知，未直接讀取」，而本列 note 卻載有該文的逐點數值，兩者不一致；依 §4「~ 不是引用轉述文獻的後門」，在來源狀態釐清前不填入,glycocalyx/v3#2.2,
2.3.1-cs-10-40pct,2.3.1,硫酸軟骨素約佔 GAG 總量的 10-40%，主要提供結構剛性。,definition,,,unverified,med,,衝突：見 2.3.1-hs-50-90pct,glycocalyx/v3#2.3.1;intake/2026-07-28-糖萼層生理#L30,
2.3.1-ha-fragmentation-disease,2.3.1,透明質酸碎片化與老化、發炎及 HFpEF 密切相關。,epidemiology,,,unverified,med,,,glycocalyx/v3#2.3.1,
2.3.1-ha-viscoelastic,2.3.1,透明質酸以非共價方式穿插於糖萼中，吸附水分以維持黏彈性與立體結構。,mechanism,,,unverified,med,,,glycocalyx/v3#2.3.1;intake/2026-07-28-糖萼層生理#L32,
2.3.1-hs-50-90pct,2.3.1,硫酸乙醯肝素為含量最豐富的 GAG，約佔糖萼 GAG 總量的 50-90%。,definition,,,unverified,high,,衝突：與 CS 的 10-40% 上界相加超過 100%,glycocalyx/v3#2.3.1;intake/2026-07-28-糖萼層生理#L28;glycocalyx/heparanase#1.1,
2.3.2-glypican-lipid-raft,2.3.2,Glypicans 經 GPI 錨定於脂筏區域，參與 Wnt 訊號與生長因子梯度形成。,mechanism,,,unverified,low,,,glycocalyx/v3#2.3.2,
2.3.2-glypican1-core-protein,2.3.2,糖萼核心蛋白包含 syndecan-1 至 syndecan-4 與 glypican-1。,definition,,,unverified,low,,v3 §2.3.2 已有 syndecan 與 glypican 的敘述，但未列出 syndecan-1~4 的完整編號與 glypican-1 的具體亞型。依 SCHEMA §2 為不同條（列舉範圍不同）。〔2026-08-01〕claim_type 由 fact 改為 definition（schema v8 逐列複核）,glycocalyx/heparanase#1.1,
2.3.2-sdc4-mechanotransduction,2.3.2,Syndecan-4 具獨特胞內結構域可直接連接細胞骨架，是機械轉導的關鍵樞紐。,mechanism,,,unverified,high,,,glycocalyx/v3#2.3.2,
2.3.2-tfpi-binding,2.3.2,組織因子途徑抑制物（TFPI）結合於糖萼層。,mechanism,,,unverified,med,,,intake/2026-07-28-糖萼層生理#L37;glycocalyx/heparanase#1.1,
2.3.3-adhesion-masking,2.3.3,健康狀態下長鏈 GAG 物理遮蔽 ICAM-1 與 VCAM-1，防止非發炎狀態下的白血球黏附。,mechanism,,,unverified,med,,,glycocalyx/v3#2.3.3;intake/2026-07-28-糖萼層生理#L48,
2.4-3o-sulfation-atiii,2.4,HS 鏈上的 3-O 硫酸化五醣序列是結合抗凝血酶 III 的關鍵，缺乏此修飾則 HS 總量再多也無抗凝作用。,mechanism,,,unverified,high,,「質重於量」論點的主要支柱,glycocalyx/v3#2.4;intake/2026-07-28-糖萼層生理#L37,
2.4-6o-sulfation-gf,2.4,6-O 硫酸化主要介導 VEGF、FGF 等生長因子的結合。,mechanism,,,unverified,med,,,glycocalyx/v3#2.4,
2.4-mispatterning-precedes,2.4,發炎早期內皮可合成總量正常但硫酸化錯位的 HS 鏈，導致 NO 反應失靈與趨化因子錯誤呈現。,mechanism,,,unverified,high,,全文核心論點之一，必須有直接證據,glycocalyx/v3#2.4;intake/2026-07-28-糖萼層生理#L49,
2.4-n-sulfation-chemokine,2.4,N-硫酸化影響趨化因子呈現與免疫細胞趨化作用。,mechanism,,,unverified,med,,,glycocalyx/v3#2.4,
2.4-precursor-insufficient,2.4,若細胞內硫酸化酶已受損，單純補充 GAG 前體未必能恢復糖萼功能。,therapeutic,rct,DOI:10.1152/japplphysiol.00651.2024,partial,high,2026-07-30,原 statement 作「無法恢復」，2026-07-30 依原文 v3 §2.4「未必能恢復功能」改回，抽取時模態被強化一級。支持：DSGP（glucosamine sulfate/fucoidan/SOD/HMW-HA）在第二型糖尿病退伍軍人的 n=22 雙盲隨機安慰劑對照試驗中，未改善糖萼完整性亦未改善血管功能指標；同一配方在 db/db 小鼠與培養內皮則有效。差異：無任何研究量測硫酸化酶功能，statement 的前提條件（硫酸化酶受損）未被檢驗，故人體陰性結果不能歸因於該機制。反向對照：PMID:20865240 顯示舒洛地特在第二型糖尿病可部分恢復糖萼，故「補前體無效」並非普遍成立,glycocalyx/v3#2.4,
3.1-charge-repulsion-40pct,3.1,正常剪切應力下，糖萼的電荷排斥機制可減少高達 40% 的跨內皮滲漏。,mechanism,,,unverified,high,,文件標示為 2025 年研究；精確百分比須逐字核對,glycocalyx/v3#3.1;intake/2026-07-28-糖萼層生理#L35,
3.1-revised-starling,3.1,傳統 Starling 定律已修正為糖萼層-內皮表層模型，ESL 才是決定跨毛細血管交換的關鍵區域。,mechanism,,,unverified,med,,,glycocalyx/v3#3.1;intake/2026-07-28-糖萼層生理#L35,
3.1-steric-70kda,3.1,糖萼以空間位阻阻擋 LDL 及大於 70kDa 的蛋白質靠近內皮細胞膜。,mechanism,,,unverified,med,,,glycocalyx/v3#3.1,
3.2-cytoskeleton-mito-calcium,3.2,糖萼的變形經肌動蛋白與微管傳導至線粒體，造成鈣離子流入並調節呼吸鏈。,mechanism,,,unverified,high,,原文稱「細胞骨架作為中介的角色已被證實」，屬未具名權威措辭，依 SCHEMA §6 未納入 statement，記此待查。與 3.2-piezo1-complex、2.3.2-sdc4-mechanotransduction 為不同層級（後兩者止於膜上感測器，本列延伸至線粒體）,mitochondria/axis#1.2.1,
3.2-drp1-fragmentation-marker,3.2,細胞骨架重組導致的線粒體斷裂由 Drp1 蛋白介導，可作為療效標誌。,mechanism,,,unverified,high,,含兩個子宣稱：Drp1 介導斷裂（機制）與可作為療效標誌（應用）。後者為 therapeutic 性質但原文未指任何藥物或終點，暫合列。若查證時兩者證據分歧，依 SCHEMA §6 拆列,mitochondria/axis#1.2.1,
3.2-enos-ser1177,3.2,鈣離子內流經 Src/PI3K/Akt 級聯導致 eNOS 於 Ser1177 磷酸化並釋放 NO。,mechanism,,,unverified,med,,,glycocalyx/v3#3.2;intake/2026-07-28-糖萼層生理#L42,
3.2-mito-anchored-cytoskeleton,3.2,大部分線粒體錨定於細胞骨架，少部分可自由移動。,fact,,,unverified,med,,「大部分／少部分」無量化，原文未給比例。查證時須確認是否有定量研究,mitochondria/axis#1.2.1,
3.2-mito-dynamics-fusion-fission,3.2,線粒體—糖萼軸涉及線粒體融合與分裂的動態平衡以維持穩態。,mechanism,,,unverified,med,,原文以「這軸線還涉及」帶過，無機制細節亦無出處,mitochondria/axis#1.2.1,
3.2-no-hypertension-20-30pct,3.2,糖萼介導的 NO 釋放與高血壓風險降低 20-30% 相關。,epidemiology,,,unverified,high,,原文自述「不是因果關係的直接證據」。百分比未給族群與追蹤期,intake/2026-07-28-糖萼層生理#L42,
3.2-piezo1-complex,3.2,Syndecan-4/Piezo1/PECAM-1 複合體為核心剪切力感測機器，糖萼變形觸發 Piezo1 開啟致鈣離子內流。,mechanism,,,unverified,high,,,glycocalyx/v3#3.2;intake/2026-07-28-糖萼層生理#L40,
3.2-primary-cilia-synergy,3.2,初級纖毛與糖萼在剪切力感測上具協同作用。,mechanism,,,unverified,med,,與 3.2-piezo1-complex 同屬機械感受器複合體群,intake/2026-07-28-糖萼層生理#L40,
3.2-sdc4-ko-no-25pct,3.2,CRISPR 敲除 Syndecan-4 的內皮模型中，NO 生物利用度降低 25%。,mechanism,,,unverified,high,,精確數字＋特定模型，須找到原始研究,glycocalyx/v3#3.2;intake/2026-07-28-糖萼層生理#L42;glycocalyx/heparanase#1.1,
3.3-atiii-thousandfold,3.3,HS 的 3-O 硫酸化序列與 ATIII 結合後，可使其抑制凝血酶與因子 Xa 的活性提高數千倍。,mechanism,,,unverified,med,,,glycocalyx/v3#3.3;intake/2026-07-28-糖萼層生理#L37,
3.3-chemokine-cxcl12,3.3,糖萼結合並呈現 CXCL12 等趨化因子，引導白血球在正確時空遷移。,mechanism,,,unverified,med,,,glycocalyx/v3#3.3;intake/2026-07-28-糖萼層生理#L44,
3.3-covid-complement,3.3,COVID-19 相關微血管病變中，糖萼損傷導致的補體失調是重要機制。,epidemiology,,,unverified,high,,文件標示 2024-2025 研究,glycocalyx/v3#3.3;intake/2026-07-28-糖萼層生理#L53,
3.3-factor-h-complement,3.3,糖萼結合 Factor H 等補體調節因子，防止補體系統在內皮表面過度活化。,mechanism,,,unverified,med,,,glycocalyx/v3#3.3;intake/2026-07-28-糖萼層生理#L52,
3.3-meta2024-platelet,3.3,糖萼完整性與血小板黏附呈顯著反比。,epidemiology,,,unverified,high,,宣稱為薈萃分析，須找到該篇。原 statement 措辭為「2024 年薈萃分析證實」，2026-07-30 依 SCHEMA §6 移除時間形容詞與無主詞措辭；查證對象保留於此：原文宣稱為 2024 年的薈萃分析,glycocalyx/v3#3.3,
3.3-sdc14-shear-no,3.3,糖萼經 syndecan-1/4 將剪應力訊號傳遞至內皮並促進 NO 生成。,mechanism,,,unverified,med,,與 3.2-sdc4-ko-no-25pct（敲除實驗的定量結果）為不同條：本列為機制命題，該列為特定實驗的數值。原文將 syndecan-1 與 syndecan-4 並列，而既有列僅涉 syndecan-4，查證時須確認 syndecan-1 是否也有剪應力感測角色,glycocalyx/heparanase#1.1,
3.3-tfpi-binding,3.3,組織因子途徑抑制物結合於糖萼層並抑制外源性凝血途徑。,mechanism,,,unverified,low,,,glycocalyx/v3#3.3,
3.3-thrombomodulin-protein-c,3.3,糖萼層上的 thrombomodulin 活化 protein C 途徑。,mechanism,,,unverified,med,,,intake/2026-07-28-糖萼層生理#L37,
3.3-thrombomodulin-proteinc,3.3,血栓調節蛋白結合凝血酶並將其轉化為 Protein C 活化劑。,mechanism,,,unverified,low,,,glycocalyx/v3#3.3,
3.3-thrombosis-2-3x,3.3,高凝狀態下 HS 降解導致重症患者血栓事件增加 2-3 倍。,epidemiology,,,unverified,high,,,glycocalyx/v3#3.3;intake/2026-07-28-糖萼層生理#L37,
3.4-ecsod-charge-binding,3.4,ecSOD 經其正電區域與負電 HS 鏈結合而富集於內皮表面，就地清除超氧化物陰離子。,mechanism,,,unverified,med,,,glycocalyx/v3#3.4;intake/2026-07-28-糖萼層生理#L39,
3.4-ext-variant-cvd-30-50pct,3.4,EXT1/EXT2 基因變異與心血管疾病風險增加 30-50% 相關。,epidemiology,,,unverified,high,,原文同時提及「EXT 基因多態性導致變異性」，兩句可能互相削弱。族群未指明,intake/2026-07-28-糖萼層生理#L39,
3.4-nox-uncoupled-enos-mito-ros,3.4,慢性發炎經 NADPH oxidase（NOX1/2/4）、解偶聯 eNOS 與粒線體三個來源產生大量 ROS。,mechanism,,,unverified,high,,三個 ROS 來源並列。與 1.2-ecsod-mito-protection、3.4-ecsod-charge-binding 為上下游關係（本列為來源，該二列為清除）。NOX4 在本檔 DKD 與 DR 段落反覆出現,glycocalyx/heparanase#1.2.3,
3.4-ros-biphasic-dose,3.4,ROS 對糖萼的調節呈劑量依賴性雙相作用。,mechanism,,,unverified,high,,本列為 1.3.4 節的總括命題，兩個具體閾值另列（3.4-ros-eustress-100nm、3.4-ros-distress-500nm）。依 SCHEMA §2，總括命題與具體數值屬不同條,mitochondria/axis#1.3.4,
3.4-ros-distress-500nm,3.4,高於 500 nM 的 H₂O₂ 屬病理濃度，可激活 NF-κB 上調 MMPs、氧化糖萼的硫酸基團並誘導內皮細胞凋亡。,mechanism,,,unverified,high,,具體閾值。三個下游效應並列。「氧化硫酸基團」與 2.4 的硫酸化主題相關，查證時交叉比對。〔2026-08-01〕claim_type 由 fact 改為 mechanism（schema v8 逐列複核）,mitochondria/axis#1.3.4,
3.4-ros-eustress-100nm,3.4,低於 100 nM 的 H₂O₂ 屬生理濃度，可激活 eNOS 促進 NO 生成並誘導 SOD2 與 Catalase。,mechanism,,,unverified,high,,具體閾值。原文另稱此濃度可「維持糖萼合成與分解的平衡」，該子句未納入 statement（與前二者證據來源可能不同），記此待查。〔2026-08-01〕claim_type 由 fact 改為 mechanism（schema v8 逐列複核）,mitochondria/axis#1.3.4,
3.4-ros-nlrp3-amplification,3.4,ROS 除直接氧化 GAGs 外，並激活 NLRP3 炎症體放大發炎。,mechanism,,,unverified,high,,NLRP3 為具名分子，可查。與 4.1-nets-vicious-cycle 同屬「降解產物放大發炎」但機制不同,mitochondria/axis#1.2.1,
3.5-metabolic-sensor,3.5,糖萼厚度與品質可作為內皮細胞代謝狀態的指標。,mechanism,,,unverified,med,,詮釋性主張,glycocalyx/v3#3.5,
4.1-adam10-adam17-shedding,4.1,TNF-α、IL-1β 與 IL-6 誘導內皮與白血球表現 MMP-2、MMP-9、ADAM10 與 ADAM17，剪切核心蛋白胞外段。,mechanism,,,unverified,high,,與 4.1-mmp-shedding 為不同條：該列僅涉 MMP-9/MMP-2，本列新增 ADAM10 與 ADAM17 兩個蛋白酶及其上游細胞激素。ADAM17 在 heparanase.md 的 DKD 與 DR 段落反覆出現，是該檔的核心分子之一,glycocalyx/heparanase#1.2.1;glycocalyx/heparanase#2.2,
4.1-adamts-versican,4.1,ADAMTS-4 與 ADAMTS-5 在動脈粥樣硬化中切割 Versican 與 Aggrecan。,mechanism,,,unverified,med,,,glycocalyx/v3#4.1;intake/2026-07-28-糖萼層生理#L63,
4.1-cathepsin-low-ph,4.1,組織蛋白酶在斑塊等低 pH 環境中被活化並參與糖萼降解。,mechanism,,,unverified,low,,,glycocalyx/v3#4.1;intake/2026-07-28-糖萼層生理#L65,
4.1-damp-tlr4-loop,4.1,脫落的 Syndecan-1 外域與 HS 片段作為 DAMPs，經 TLR4/NF-κB 誘導 IL-1β 與 TNF-α，形成發炎-降解正反饋。,mechanism,,,unverified,high,,,glycocalyx/v3#4.1;intake/2026-07-28-糖萼層生理#L61;glycocalyx/heparanase#1.2.2,
4.1-has2-suppression,4.1,慢性發炎抑制 HAS2（hyaluronan synthase-2）表現，減少新生 HA。,mechanism,,,unverified,med,,合成側的抑制，與降解側（HYAL2）互補。HAS2 在 heparanase.md 的 GLP-1 段落再度出現（稱 GLP-1 RA 促進 HAS2 表達），查證時可併批,glycocalyx/heparanase#1.2.4;glycocalyx/heparanase#2.2,
4.1-heparanase-dual-activation,4.1,Heparanase 的過度表現同時來自轉錄增加與蛋白水解活化增加。,mechanism,,,unverified,med,,§6.3 首句,glycocalyx/heparanase#6.3,
4.1-heparanase-hs,4.1,肝素酶專一降解 HS 鏈，破壞負電荷屏障並導致抗凝功能喪失。,mechanism,,,unverified,high,,,glycocalyx/v3#4.1;intake/2026-07-28-糖萼層生理#L61;mitochondria/axis#1.3.2;glycocalyx/heparanase#1.2.2;glycocalyx/heparanase#3.2,
4.1-heparanase-hs-50-90pct-hours,4.1,動物實驗顯示 50-90% 的 heparan sulfate 在數小時內消失。,fact,,,unverified,high,,具體數值加時間尺度。與 2.2-pathological-50-90pct（病理狀態下厚度減少 50-90%）數值相同但量不同：該列量厚度，本列量 HS 分子存量，且本列有「數小時內」的時間條件。依 SCHEMA §2 為不同條。「數小時」無明確下限，查證時須確認原始實驗的取樣時點,glycocalyx/heparanase#1.2.2,
4.1-hmw-to-lmw-ha-tlr24,4.1,高分子量 HA 被降解為低分子量片段後刺激 TLR2 與 TLR4。,mechanism,,,unverified,med,,既有 4.1-hyaluronidase-ha 已述「產生具促炎作用的低分子量片段」但未指名受體。本列指名 TLR2/TLR4，為可獨立證偽的新內容,glycocalyx/heparanase#1.2.4,
4.1-hyal2-induction,4.1,慢性發炎誘導 hyaluronidase-2（HYAL2）表現增加。,mechanism,,,unverified,med,,與 4.1-hyaluronidase-ha 為不同條：該列為透明質酸酶的作用結果，本列指名 HYAL2 亞型並指出其上游為慢性發炎,glycocalyx/heparanase#1.2.4,
4.1-hyaluronidase-ha,4.1,透明質酸酶降解 HA 骨架並產生具促炎作用的低分子量片段。,mechanism,,,unverified,med,,原文此項重複列出兩次（第 3 與第 5 項），已合併,glycocalyx/v3#4.1;intake/2026-07-28-糖萼層生理#L61;glycocalyx/heparanase#1.2.4,
4.1-icam-vcam-exposure,4.1,糖萼損傷暴露內皮黏附分子 ICAM-1 與 VCAM-1，進一步招募發炎細胞。,mechanism,,,unverified,med,,v3 §3.3 有「健康糖萼遮蔽 E-selectin 與 ICAM-1」，本列為其反面（損傷後暴露）並新增 VCAM-1。依 SCHEMA §2，正反命題屬不同條,glycocalyx/heparanase#1.3;glycocalyx/heparanase#3.3,
4.1-mmp-shedding,4.1,MMP-9 與 MMP-2 在發炎刺激下切割 Syndecan 的胞外結構域，導致糖萼脫落。,mechanism,,,unverified,med,,,glycocalyx/v3#4.1;intake/2026-07-28-糖萼層生理#L61;mitochondria/axis#1.3.2;glycocalyx/heparanase#1.2.1,
4.1-nets-vicious-cycle,4.1,糖萼降解促進 NETs 形成，NETs 所含的組織蛋白酶與彈性蛋白酶進一步破壞糖萼。,mechanism,,,unverified,high,,與 4.1-cathepsin-low-ph 的酶種重疊，查證時併看,intake/2026-07-28-糖萼層生理#L55,
4.1-plasmin-degradation,4.1,Plasmin 在纖維蛋白溶解過程中降解糖萼成分。,mechanism,,,unverified,med,,,intake/2026-07-28-糖萼層生理#L67,
4.1-ros-activates-mmp-heparanase,4.1,ROS 活化 MMPs 與 heparanase。,mechanism,,,unverified,high,,本列與 axis 的 1.3.2 節同義，但 axis 該段已由 4.1-mmp-shedding 與 4.1-heparanase-hs 兩列的 source_ref 承接。本列獨立建列的理由是「ROS 作為上游」這個因果方向本身是可證偽命題，而該二列的 statement 未包含上游,glycocalyx/heparanase#1.2.3,
4.1-ros-desulfation,4.1,ROS 直接氧化 GAGs 側鏈使其斷裂或去硫酸化。,mechanism,,,unverified,high,,「去硫酸化」（desulfation）與 2.4 的硫酸化模式主題直接相關，查證時交叉比對。與 axis 的 3.4-ros-distress-500nm（>500 nM H₂O₂ 氧化硫酸基團）高度相關但非同條：該列有具體濃度閾值，本列無,glycocalyx/heparanase#1.2.3;glycocalyx/heparanase#2.2;glycocalyx/heparanase#3.2;glycocalyx/heparanase#4.2.1,
4.1-ros-inhibits-gag-synthase,4.1,ROS 抑制內皮 GAGs 合成酵素 EXT1 與 NDST1。,mechanism,,,unverified,high,,與 1.2-ext-activity-drop 為不同條：該列的上游是線粒體功能障礙且效果是「活性下降」，本列的上游是 ROS 且明確指名 NDST1。兩列可能描述同一現象的不同層面，查證時一併處理，若證實為同一條則依 SCHEMA §6 合併,glycocalyx/heparanase#1.2.3;glycocalyx/heparanase#3.2,
4.1.1-active-site-glu225-glu343,4.1.1,Heparanase 的活性中心為 Glu225 與 Glu343 兩個氨基酸。,fact,,,unverified,high,,§6.1,glycocalyx/heparanase#6.1,
4.1.1-cathepsin-l-activation,4.1.1,組織蛋白酶 L 在酸性環境中剪切 pro-heparanase，生成 8 kDa 與 50 kDa 組成的異二聚體活性形式。,mechanism,,,unverified,high,,§6.1 活化過程第 3 步。原文寫「剪切第158–543位」，該區間是剪切後 50 kDa 次單元的殘基範圍，不是剪切位點本身，原措辭記此待查。與 4.1-cathepsin-low-ph（組織蛋白酶在低 pH 活化）互相標註,glycocalyx/heparanase#6.1,
4.1.1-heparanase-glucosamine-specificity,4.1.1,Heparanase 專一性剪斷 heparan sulfate 側鏈上的特定葡萄糖胺結構。,mechanism,,,unverified,med,,與 4.1-heparanase-hs 為不同條：該列為降解的功能後果（破壞負電屏障、抗凝喪失），本列為切位的分子專一性。歸 4.1.1（肝素酶分子生物學）而非 4.1,glycocalyx/heparanase#1.2.2,
4.1.1-heparanase-only-hs-endoglycosidase,4.1.1,Heparanase 是人體已知唯一能剪斷 heparan sulfate 側鏈的內切糖苷酶。,fact,,,unverified,high,,§5 與 §6 之間的接縫前言（L463）。原文附「目前國際公認」，未具名權威依 SCHEMA §6 移除，原措辭記此。「唯一」為全稱宣稱，只需一個反例即不成立，查證成本低於帶區間的宣稱,glycocalyx/heparanase#L463,
4.1.1-hpa-gene-4q21,4.1.1,Heparanase 由位於 4q21.3 的 HPA 單一基因編碼。,fact,,,unverified,high,,§6.1,glycocalyx/heparanase#6.1,
4.1.1-pro-heparanase-65kda,4.1.1,Heparanase 前體蛋白為 65 kDa，含 543 個氨基酸。,fact,,,unverified,high,,§6.1,glycocalyx/heparanase#6.1,
4.1.1-secretion-lysosome,4.1.1,Pro-heparanase 分泌至細胞外或進入溶酶體。,mechanism,,,unverified,med,,§6.1 活化過程第 2 步,glycocalyx/heparanase#6.1,
4.1.1-synthesis-rough-er,4.1.1,65 kDa pro-heparanase 於粗糙內質網合成。,mechanism,,,unverified,med,,§6.1 活化過程第 1 步,glycocalyx/heparanase#6.1,
4.1.2-expression-keratinocyte-immune,4.1.2,Heparanase 亦表現於角質細胞、血小板與免疫細胞。,fact,,,unverified,med,,§6.2。原文的免疫細胞清單為「T細胞、B細胞、單核細胞、肥胖細胞、中性粒細胞」。〔注意〕「肥胖細胞」應為「肥大細胞」（mast cell）之誤植——肥大細胞的舊譯即為肥胖細胞，但在當代中文醫學文獻中「肥胖細胞」易與 adipocyte 混淆。statement 未逐列細胞型別以避免固化誤植，原文記此,glycocalyx/heparanase#6.2,
4.1.2-growth-factor-release-low,4.1.2,Heparanase 從 HS 儲存庫低量釋放 FGF-2、VEGF 與 HGF。,mechanism,,,unverified,med,,§6.2 生理功能表第 6 列，原文括註「（低量）」，模態逐字保留。〔注意〕與 §6.3.1 腫瘤機制第 2 項「釋放大劑量 VEGF、FGF-2、HGF」（7.1-tumor-growth-factor-release）為同一機制的生理版與病理版，量級相反，兩列須併看,glycocalyx/heparanase#6.2,
4.1.2-hair-follicle-cycle,4.1.2,Heparanase 降解基底膜 HS 以允許毛囊重塑，參與毛囊生長週期。,mechanism,,,unverified,med,,§6.2 生理功能表第 3 列,glycocalyx/heparanase#6.2,
4.1.2-highest-in-placenta,4.1.2,正常成人組織中 heparanase 表達最高處為胎盤，特別是合胞體滋養層。,fact,,,unverified,high,,§6.2,glycocalyx/heparanase#6.2,
4.1.2-hs-turnover,4.1.2,Heparanase 參與 HS 轉換，維持細胞外基質與糖萼的正常更新。,mechanism,,,unverified,med,,§6.2 生理功能表第 1 列,glycocalyx/heparanase#6.2,
4.1.2-immune-cell-egress,4.1.2,活化的 T 細胞與樹突細胞從淋巴結遷出需要降解 HS 屏障。,mechanism,,,unverified,med,,§6.2 生理功能表第 5 列,glycocalyx/heparanase#6.2,
4.1.2-knockout-mild-phenotype,4.1.2,Heparanase 敲除小鼠僅呈現輕微表型。,fact,,,unverified,high,,§6.2。原文以此作為「heparanase 非必需」的論據，該推論本身未列入 statement,glycocalyx/heparanase#6.2,
4.1.2-normal-expression-very-low,4.1.2,正常成人組織中 heparanase 的表達極低。,fact,,,unverified,high,,§6.2 首句。〔2026-08-02〕§6.6 第 1 點重述「低量、嚴格調控的正常酵素」，追加 source_ref,glycocalyx/heparanase#6.2;glycocalyx/heparanase#6.6,
4.1.2-placental-angiogenesis,4.1.2,滋養層侵入子宮內膜需要 heparanase。,mechanism,,,unverified,med,,§6.2 生理功能表第 4 列。與 4.1.2-highest-in-placenta 互相標註——胎盤表達最高與胎盤功能需求為同一敘述的兩面,glycocalyx/heparanase#6.2,
4.1.2-wound-healing-migration,4.1.2,Heparanase 經促進巨噬細胞與內皮細胞遷移參與傷口癒合。,mechanism,,,unverified,med,,§6.2 生理功能表第 2 列,glycocalyx/heparanase#6.2,
4.1.3-angiotensin2-5-15x,4.1.3,Angiotensin II 誘導 heparanase 5-15 倍。,mechanism,,,unsupported,high,2026-08-07,§6.4 表第 2 列誘導倍數欄。回填 2026-08-07：Ang II 與 heparanase 的關聯有間接證據——AT1 受體拮抗劑治療可降低腎小球 heparanase 表達並回復 HS；PMC4978400 亦把 Ang II 列為 eNOS 與 heparanase 的共同上游調控因子。但**無任何文獻給出 5-15 倍**，三次不同措辭均無果。`~` 的不對位維度為**量綱**：文獻給的是拮抗劑處理後的下降，statement 要的是刺激後的誘導倍數〔evidence 欄修正〕PMC4978400（eNOS 防止 heparanase 誘導，文中把 Ang II 列為共同上游）本次僅取得 PMC 編號，SCHEMA §4 的 token 形式不含 PMC，故 evidence 留空，僅記此。,glycocalyx/heparanase#6.4,
4.1.3-angiotensin2-at1-pkc,4.1.3,Angiotensin II 經 AT1 受體–PKC 途徑誘導 heparanase。,mechanism,animal,PMID:16899518,partial,med,2026-08-09,"§6.4 表第 2 列訊號途徑欄。回填 2026-08-09：**AT1 這一環有活體藥理證據，PKC 這一環沒有**。PMID:16899518（Kramer et al., JASN 2006，大鼠 adriamycin 腎病變）在蛋白尿已成立後給予 AT1 受體拮抗劑兩週，腎小球 heparanase 表達顯著下降且 HS 回復；同文另以羥自由基清除劑 DMTU 預防了 heparanase 上升。這是上一批僅由 ResearchGate 轉載頁得知、依 queries.md §1.6 未採計的那筆研究，本批取得 PubMed 原始摘要後轉為正式 evidence。不對位處有二：(1) **PKC 完全沒有出處**——三次檢索只找到 Ang II→AT1→PKC-δ→p38 導致足細胞凋亡的研究，終點是凋亡不是 heparanase；PMC4978400 把 PKC 與 Ang II 並列為 eNOS 與 heparanase 的共同調控因子，但那是綜述式並列，不是實驗。(2) **證據型別是拮抗而非誘導**，且拮抗劑是在既有蛋白尿上給藥，heparanase 下降有可能是蛋白尿減輕的下游結果，該文自己的結論用詞也只到「suggest involvement」。statement 需補「PKC」的出處或刪去該環節。",glycocalyx/heparanase#6.4,
4.1.3-egr1-10-100x,4.1.3,Egr1 誘導 heparanase 10-100 倍。,mechanism,,~PMID:16093249,unsupported,high,2026-08-07,§6.4 表第 7 列誘導倍數欄，為全表最高倍數。〔注意〕「100 倍」在本檔三個互不相關的場景重複：本列、7.2-ra-synovial-heparanase-100x（RA 滑液）、5.1-endothelial-heparanase-100x-hours（敗血症內皮）。三處應併為一組查證，見 §6A 報告 §3.2。回填 2026-08-07：Egr1 直接結合 heparanase 啟動子並活化轉錄有直接證據（PMID:16093249：280 bp 啟動子區含兩個功能性 Egr1 位點，EMSA 證實結合，前列腺／乳腺／結腸癌細胞中呈劑量依賴活化）。但**無 10-100 倍**，三次不同措辭均無果。〔注意〕同一篇文獻另記載 Egr1 過度表現在**黑色素瘤細胞中呈劑量依賴的啟動子活性抑制**——即 Egr1 對 heparanase 的作用是活化或抑制**取決於腫瘤型別**。statement 寫成無條件的「誘導」，該條件限定缺失，故同一 token 同時以 `~`（倍數不對位）與 `!`（方向在特定細胞型別中相反）出現。依 SCHEMA §5，反駁 token 不提升 tier〔evidence 欄說明〕PMID:16093249 同時是倍數的不對位文獻（`~`）與方向的反駁文獻（`!`），token 前綴每篇只能取一個值，此處取 `~`，黑色素瘤中的抑制作用僅由本 note 承載，見本批報告 §5。,glycocalyx/heparanase#6.4,
4.1.3-egr1-direct-hpa-binding,4.1.3,轉錄因子 Egr1 直接結合 HPA 啟動子。,mechanism,in_vitro,PMID:16093249,verified,med,2026-08-09,§6.4 表第 7 列訊號途徑欄。與 6.3-sglt2-... 的 AMPK/SIRT1→Egr1 路徑（§7 範圍）為同一節點的上下游，§7 抽取時須回頭標註。回填 2026-08-09：**直接結合有直接證據**。PMID:16093249 以染色質免疫沉澱（ChIP）證實 Egr1 在活體細胞內結合 heparanase 啟動子，並以定點突變定出 280 bp 區內兩個功能性 Egr1 位點、以 EMSA 證實兩個位點皆有結合。〔注意〕本列只宣稱「結合」，不宣稱方向，故 melanoma 中 Egr1 呈抑制作用不構成反駁——同一篇文獻的這項發現反駁的是同表 4.1.3-egr1-10-100x 的「誘導」寫法，兩列判定分歧的原因即在此。〔推論〕本節點 14 列中，這是第一列也是唯一一列 `verified`，而它正是全表**唯一不含數值、不含方向詞的宣稱**。,glycocalyx/heparanase#6.4,
4.1.3-estrogen-5-20x,4.1.3,雌激素誘導 heparanase 5-20 倍。,mechanism,,~DOI:10.1093/humrep/del483;~DOI:10.3390/ijms222011096,unsupported,high,2026-08-07,§6.4 表第 6 列誘導倍數欄。〔注意〕與 4.2.3-estrogen-protection（雌激素保護糖萼）方向相反：一處雌激素保護糖萼，一處雌激素誘導降解糖萼的酵素。兩列須併看，這是本檔與 v3 之間的跨文件張力。回填 2026-08-07：雌激素誘導 heparanase 的機制有直接證據——雌激素受體結合 heparanase 啟動子的雌激素反應元件（DOI:10.3390/ijms222011096 綜述圖 1a）；人子宮內膜的 estradiol 實驗亦支持（DOI:10.1093/humrep/del483）。但**無倍數**，三次不同措辭均無果。`~` 的不對位維度為**量綱**（機制對位、倍數不對位）與**族群**（子宮內膜／乳癌，非血管內皮）,glycocalyx/heparanase#6.4,
4.1.3-estrogen-er-hpa-promoter,4.1.3,雌激素受體結合 HPA 啟動子而誘導 heparanase。,mechanism,in_vitro,DOI:10.1093/humrep/del483;DOI:10.3390/ijms222011096,partial,med,2026-08-09,"§6.4 表第 6 列訊號途徑欄，原文括註「（乳癌）」限定場景，記此。回填 2026-08-09：**「雌激素誘導 heparanase」成立，「ER 結合啟動子」這一步沒有生化驗證**。原始研究為 Elkin et al., Cancer Res 2003;63:8821-8826，該文以電腦分析在 heparanase 調控區找出**四個推定的**（putative）雌激素反應元件，並以 1.9 kb 啟動子接 luciferase 報導基因證實在 ER 陽性 MCF-7 中受雌激素活化、ER 陰性細胞則否。**但該文未做 EMSA 或 ChIP，未證明 ER 蛋白確實結合這四個位點。** 兩次專門檢索 HPSE 啟動子的 ER 結合實驗均無果。不對位維度為**量測對象**：statement 宣稱蛋白–DNA 結合，文獻量的是啟動子的雌激素反應性與 ER 依賴性。〔推論〕檢索過程另找到一個同型的警示案例（PMID:18949048，PCNA 基因）：兩個演化保守、位於雌激素反應基因附近的推定 ERE，以 ChIP-PCR 檢驗後**完全測不到 ERα 招募**，作者的結論是 ERE 的電腦預測必須經生化驗證。HPSE 這一例正處於該文所警告的狀態〔evidence 欄說明〕Elkin 2003 為 Cancer Res 早期論文，本次以四種措辭檢索均只取得期刊頁與他篇引用，**未由任何工具回傳 PMID 或 DOI**，依 SCHEMA §4 絕對規則不得憑記憶寫出，故不入 evidence，僅記於此。evidence 中兩個 token 承載的是「雌激素→heparanase」這一段，不是「ER 結合」這一段。",glycocalyx/heparanase#6.4,
4.1.3-hif1a-binds-hpa-promoter,4.1.3,HIF-1α 結合 HPA 啟動子而誘導 heparanase。,mechanism,,~DOI:10.1186/s13062-024-00487-w;~DOI:10.3390/ijms222011096,unsupported,med,2026-08-09,§6.4 表第 4 列訊號途徑欄。回填 2026-08-09：**查無任何 HIF-1α 結合 HPA 啟動子的實驗**，三次不同措辭均無果。〔注意〕這不是「文獻沒談過缺氧誘導 heparanase」——談過，而且**兩份獨立來源都把中介者指為 NF-κB 而非 HIF-1α 直接結合**：DOI:10.1186/s13062-024-00487-w 的路徑是缺氧 → HIF-1α → IL-1β → NF-κB → heparanase；DOI:10.3390/ijms222011096 的調控網路圖把缺氧與 HSV-1 並列為「經 NF-κB 上調 heparanase」。兩者都把 HIF-1α 放在**更上游**，中間隔了細胞激素與另一個轉錄因子。`~` 的不對位維度為**量測對象**：statement 宣稱 HIF-1α 與 HPA 啟動子的直接結合，兩篇量的是通路上下游關係（epistasis），無法直接反駁結合的存在，故用 `~` 不用 `!`。〔推論〕本列與同節點的 4.1.3-estrogen-er-hpa-promoter 是同一種寫法：**把「某轉錄因子參與」寫成「某轉錄因子直接結合啟動子」**。差別在雌激素那一列至少有啟動子報導基因實驗，本列連報導基因實驗都沒有。此外，缺氧反應基因中**多數在近端啟動子測不到 HIF 結合位點**，相當比例是經由其他轉錄調控者間接調控，本列的預設應偏向間接。,glycocalyx/heparanase#6.4,
4.1.3-hyperglycemia-ages-5-20x,4.1.3,高血糖與 AGEs 誘導 heparanase 5-20 倍。,mechanism,,~DOI:10.1007/s11010-011-0804-7,unsupported,high,2026-08-07,§6.4 表第 1 列誘導倍數欄。回填 2026-08-07：AGEs 誘導 heparanase 本身有直接證據——Mol Cell Biochem 2011（DOI:10.1007/s11010-011-0804-7）在人微血管內皮細胞證實 AGE-BSA 以劑量與時間依賴方式提高 heparanase mRNA 與蛋白；Ana-1 巨噬細胞亦然（PMC3637127）。但**兩篇皆未給出誘導倍數**，三次不同措辭檢索均未找到 5-20 倍這個範圍的出處。`~` 的不對位維度為**量綱**：文獻給的是劑量-時間依賴的方向性，statement 要的是倍數。〔注意〕本列與同表其餘六列同屬 STATUS §3.21 所指的成組數值，整組均判 unsupported，見 reports/backfill/2026-08-03-4.1.3.md〔evidence 欄修正〕PMC3637127（AGEs 誘導巨噬細胞 heparanase）本次僅取得 PMC 編號，SCHEMA §4 的 token 形式不含 PMC，故不填入 evidence，僅記此。,glycocalyx/heparanase#6.4,
4.1.3-hyperglycemia-ages-rage-nfkb,4.1.3,高血糖與 AGEs 經 RAGE–NF-κB 途徑誘導 heparanase。,mechanism,in_vitro,DOI:10.1007/s11010-011-0804-7,contested,med,2026-08-07,§6.4 表第 1 列訊號途徑欄。與 4.2.1-ages-rage-mmp（AGEs–RAGE 誘導 MMP）為同一上游、不同下游酵素，兩列互相標註。回填 2026-08-07：**同一篇文獻支持前半、反駁後半**。Mol Cell Biochem 2011 證實 AGE-BSA 誘導 heparanase 可被 RAGE 中和抗體消除（支持 RAGE 這一段），但明言**預先以 NF-κB 抑制劑或 PI3K 抑制劑處理並不影響** AGE-BSA 誘導的 heparanase 表達，該研究判定的轉錄因子是 **FOXO4** 而非 NF-κB。statement 寫的「RAGE–NF-κB 途徑」後半與該文獻直接衝突。〔推論〕原文很可能是把 AGEs–RAGE–NF-κB 這條在他處成立的通用軸線（見 4.2.1-ages-rage-mmp）套到 heparanase 上，而 heparanase 這一支的下游實際不同。修正方向為「RAGE–FOXO4」，但 statement 的變更需人工裁示，本批只判不改〔evidence 欄說明〕同一 DOI 同時支持 RAGE 一段、反駁 NF-κB 一段，而 SCHEMA §4 的 token 前綴每篇只能取一個值。此處填無前綴（該文獻確實支持 RAGE 這一段），反駁的部分僅能靠本 note 承載——**這是 schema 目前無法表達的情形**，見本批報告 §5。,glycocalyx/heparanase#6.4,
4.1.3-hypoxia-10-30x,4.1.3,缺氧誘導 heparanase 10-30 倍。,mechanism,,~DOI:10.1186/s13062-024-00487-w,unsupported,high,2026-08-07,§6.4 表第 4 列誘導倍數欄。回填 2026-08-07：缺氧誘導 heparanase 的方向性有直接證據（DOI:10.1186/s13062-024-00487-w，膠質瘤微膠細胞）。但**無倍數**，三次不同措辭均無果。`~` 的不對位維度為**族群**：該研究的細胞是腦腫瘤微膠細胞，statement 未限定細胞型別而本專案的脈絡是血管內皮。〔注意〕該文獻同時指出缺氧經 **HIF-1α → IL-1β → NF-κB** 誘導 heparanase，與同表 4.1.3-hif1a-binds-hpa-prometer 所稱「HIF-1α 直接結合 HPA 啟動子」不同；該列不在本批範圍，證據已留在 inbox，見報告 §4,glycocalyx/heparanase#6.4,
4.1.3-tnfa-il1b-10-50x,4.1.3,TNF-α 與 IL-1β 誘導 heparanase 10-50 倍。,mechanism,,!DOI:10.1021/bi0356552,unsupported,high,2026-08-09,§6.4 表第 3 列誘導倍數欄。倍數與 5.6.1-dkd-heparanase-10-50x（DKD 腎組織 heparanase 升高 10-50 倍）相同，但一為刺激因子的誘導倍數、一為疾病組織的實測倍數，量綱不同，兩列須併看。回填 2026-08-07：三次不同措辭均無果。〔注意〕檢索「heparanase 10-50 fold」確實命中一筆字面相符的結果（PLOS One 2016，hepcidin 研究），但那是**轉染質體造成的 heparanase 過度表現幅度**，不是 TNF-α 或 IL-1β 的誘導倍數——量測對象與介入兩個維度都不對位，屬 queries.md §1.2 所述的數字接近但情境不同之陷阱，不得採計，故連 `~` 都不填。發炎細胞激素誘導 heparanase 的方向性在 PMID:16901744 有敘述性支持，但該綜述亦未給倍數。〔2026-08-09 附帶修訂，非本批處理範圍內的新判定〕本批在查證同表訊號途徑欄時取得**這一格第一個實測值**：DOI:10.1021/bi0356552（Biochemistry 2004）在培養內皮細胞測得 TNF-α 或 IL-1β 使培養液中 heparanase 蛋白上升 **2-10 倍**。statement 的 10-50 倍**下界即為實測上界，上界高出五倍**。status 維持 unsupported（仍無支持文獻），新增 `!` token 承載這項反駁。此值與 queries.md §4.1 記錄的 heparanase 誘導幅度分布（1.49-8.9 倍）一致。,glycocalyx/heparanase#6.4,
4.1.3-tnfa-il1b-mapk,4.1.3,TNF-α 與 IL-1β 經 MAPK 途徑誘導 heparanase。,mechanism,,!DOI:10.1021/bi0356552;~PMID:16452201,unsupported,med,2026-08-09,split_from: 4.1.3-tnfa-il1b-nfkb-mapk。§6.4 表第 3 列訊號途徑欄之 MAPK 部分。回填 2026-08-09：**無任何支持文獻，且有一篇直接反駁**，三次不同措辭均無果（依 SCHEMA §6，拆出的子列不繼承原列的檢索紀錄，本列的三式為獨立執行）。DOI:10.1021/bi0356552 在培養內皮細胞測試 MAP kinase 與 JNK 抑制劑，**皆不影響 TNF-α 誘導的 heparanase 分泌**。無支持文獻故不判 contested，依 SCHEMA §5 判 unsupported，`!` token 不計入 tier，tier 留空。〔注意〕MAPK 在 heparanase 文獻中出現頻繁，但幾乎都在**另外兩個位置**：(1) 作為 heparanase 的**下游**（`~PMID:16452201`：heparanase 過度表現伴隨 p38 磷酸化上升，不對位維度為**量測對象**，量的是 heparanase 的下游而非其上游誘導途徑）；(2) 作為 Egr1 的上游（ERK1/2 → Egr1 → HPSE），但該路徑的刺激是 PMA／ionomycin，不是 TNF-α 或 IL-1β。〔推論〕這是 queries.md §1.13「方向反寫」在**途徑欄**的版本：同一節點的 4.1.3-vegf-5-10x 是倍數被反寫，本列是途徑被反寫。兩者的成因相同——A 與 B 之間確有關係，轉述時把有實證的那一向掛到沒有實證的那一向上。見 queries.md §1.14,glycocalyx/heparanase#6.4,
4.1.3-tnfa-il1b-nfkb,4.1.3,TNF-α 與 IL-1β 經 NF-κB 途徑誘導 heparanase。,mechanism,in_vitro,DOI:10.1186/s13062-024-00487-w;!DOI:10.1021/bi0356552;~PMID:29097791,contested,med,2026-08-09,split_from: 4.1.3-tnfa-il1b-nfkb-mapk。§6.4 表第 3 列訊號途徑欄之 NF-κB 部分。回填 2026-08-09：**支持與反駁同時存在，且分野在細胞型別**。支持：DOI:10.1186/s13062-024-00487-w 在 U251／U87 膠質瘤細胞證實 IL-1β 經活化 NF-κB 上調 HPSE，並以裸鼠異種移植佐證。反駁：DOI:10.1021/bi0356552（Biochemistry 2004）在培養**內皮細胞**明確測試過這條途徑——**NF-κB、PI3-kinase、MAP kinase、JNK 四種抑制劑都不影響 TNF-α 誘導的 heparanase 分泌**。依 SCHEMA §5，反駁文獻等級 in_vitro，反駁內容為**結論相反**（該途徑經藥理阻斷後誘導依然發生，即途徑不成立），而非數值或條件差異。不對位文獻：PMID:29097791（Sci Rep 2017）在 U937 巨噬細胞證實 TNF-α 與 IL-1β 誘導 HPSE 表達與分泌，但**未測任何途徑**，`~` 的不對位維度為**量測對象**（量的是表達量，statement 要的是途徑歸屬）。〔推論〕內皮細胞中 heparanase 的誘導**不經 NF-κB**，這在本節點已是第二個獨立實例——4.1.3-hyperglycemia-ages-rage-nfkb 的 AGEs 一例也是同樣結論（該文判定的轉錄因子為 FOXO4）。兩例的刺激因子不同、實驗室不同、年份差七年，結論一致。見 STATUS §3.24,glycocalyx/heparanase#6.4,
4.1.3-tnfa-il1b-nfkb-mapk,4.1.3,TNF-α 與 IL-1β 經 NF-κB 與 MAPK 途徑誘導 heparanase。,mechanism,,,superseded,med,,§6.4 表第 3 列訊號途徑欄。split_into: 4.1.3-tnfa-il1b-nfkb;4.1.3-tnfa-il1b-mapk（2026-08-09 依 SCHEMA §6 拆列：「NF-κB」與「MAPK」是兩條可各自證偽的途徑，且檢索結果對兩者的判定不同，先拆再判。原列 statement、evidence、tier、last_checked 依規定不動）,glycocalyx/heparanase#6.4,
4.1.3-vegf-5-10x,4.1.3,VEGF 誘導 heparanase 5-10 倍。,mechanism,,!PMID:16452201;!PMID:18798279;!DOI:10.1021/bi0356552,unsupported,high,2026-08-09,§6.4 表第 5 列誘導倍數欄。回填 2026-08-07：三次不同措辭均無 VEGF 誘導 heparanase 的倍數。〔注意〕文獻密集記載的是**相反方向**：heparanase 過度表現使 VEGF 上升 3-6 倍（PMID:16452201）、使 VEGF-C 上升 3-5 倍（PMID:18798279）。〔推論〕statement 的「5-10 倍」與這兩個實測範圍相鄰，而方向相反——很可能是把 heparanase→VEGF 的倍數反寫成 VEGF→heparanase。兩個 token 加 `!` 是因為它們反駁的是**因果方向**而非數值本身；依 SCHEMA §5，反駁 token 不提升 tier，故 tier 留空。同表的「正回饋迴圈」（4.1.3-vegf-positive-feedback）在此獲得部分支持——迴圈的一半確有實證，另一半沒有。〔2026-08-09 附帶修訂〕新增第三篇反駁文獻 DOI:10.1021/bi0356552：該文在培養內皮細胞測得 **VEGF 使 heparanase 分泌減少**，與同批 TNF-α／IL-1β 使其增加成對照。原本的反駁理由是「方向反寫」（實測的是 heparanase→VEGF），本次補上的是更強的一種：**在內皮細胞裡，VEGF→heparanase 這一向本身就是負向的**。相關列 4.1.3-vegf-positive-feedback 已因此改判 contested。,glycocalyx/heparanase#6.4,
4.1.3-vegf-positive-feedback,4.1.3,VEGF 與 heparanase 之間形成正回饋迴圈。,mechanism,in_vitro,PMID:21624769;PMID:16452201;!DOI:10.1021/bi0356552,contested,med,2026-08-09,§6.4 表第 5 列訊號途徑欄。與 7.1-tumor-growth-factor-release（heparanase 釋放 VEGF）構成迴圈的另一半，兩列互相標註。回填 2026-08-09：**迴圈在腫瘤細胞成立，在內皮細胞方向相反**。支持：PMID:21624769（Cancer Lett 2011，A2058 與 WM793 黑色素瘤細胞）同時做了雙向——外源 VEGF 與 VEGF cDNA 轉染使 heparanase 過度表現、anti-VEGF siRNA 使其下降，反向亦成立，作者稱之為 mutual enhancement，MEK/ERK 抑制劑 PD98059 可阻斷；PMID:16452201 提供迴圈另一半（heparanase → VEGF 上升 3-6 倍）。反駁：DOI:10.1021/bi0356552（Biochemistry 2004，培養內皮細胞）測得 **VEGF 使 heparanase 分泌「減少」**，與 TNF-α／IL-1β 使其增加恰成對照。依 SCHEMA §5，contested 的 note 須寫明反駁文獻等級與反駁內容：等級為 in_vitro，反駁的是**結論相反**（同一介入、同一標的，方向相反），且反駁方的細胞型別（血管內皮）正是本專案的脈絡，支持方是黑色素瘤細胞。〔推論〕這是本節點第二次出現**細胞型別決定方向**（第一次是 Egr1 在黑色素瘤中由活化轉為抑制）。§6.4 那張表把所有調控關係寫成無條件的通則，而至少兩列的方向其實取決於細胞型別。statement 需補細胞脈絡限定；本列在血管內皮的脈絡下應視為**未成立**。,glycocalyx/heparanase#6.4,
4.2-endmt-synthesis-loss,4.2,長期發炎使內皮轉向間質表型（EndMT），syndecan 與 glypican 表現下降。,mechanism,,,unverified,high,,v3 無 EndMT。本列是「合成能力喪失」這條路徑的核心，與既有的降解型機制（MMP、heparanase、ROS）在因果方向上相反——降解是移除既有糖萼，EndMT 是使其無法再生,glycocalyx/heparanase#1.2.7,
4.2-ffa-ceramide-tlr4,4.2,肥胖與代謝症候群使游離脂肪酸與 ceramide 增加，經 TLR4 與 TNF-α 訊號活化 MMPs 與 heparanase。,mechanism,,,unverified,med,,v3 §4.2 有胰島素抵抗但無脂毒性路徑。ceramide 在 mitochondria/intake 原檔亦出現（棕櫚酸→ceramide→線粒體功能受損），但該段未收錄為 claim,glycocalyx/heparanase#1.2.6,
4.2-leptin-heparanase,4.2,Leptin 升高促進 heparanase 表現。,mechanism,,,unverified,med,,單一分子的單一效果，可直接檢索。v3 無對應內容,glycocalyx/heparanase#1.2.6,
4.2.1-ages-rage-mmp,4.2.1,AGEs 與 RAGE 結合可誘導 MMP 活化並加速糖萼降解。,mechanism,,,unverified,med,,,glycocalyx/v3#4.2.1;intake/2026-07-28-糖萼層生理#L85;glycocalyx/heparanase#1.2.5;glycocalyx/heparanase#2.2;glycocalyx/heparanase#3.2;glycocalyx/heparanase#4.2.1,
4.2.1-dm-sdc1-shedding-3-10x,4.2.1,糖尿病患者 syndecan-1 脫落升高 3-10 倍。,epidemiology,,,unverified,high,,具體數值。查證時須確認量測的是血漿濃度或脫落速率——原文未區分。〔2026-08-01〕claim_type 由 fact 改為 epidemiology（schema v8 逐列複核）,glycocalyx/heparanase#1.2.5,
4.2.1-dm-thickness-50-70pct,4.2.1,糖尿病患者糖萼厚度可減少 50-70%。,epidemiology,,,unverified,high,,具體數值。與 2.2-pathological-50-90pct（病理狀態 50-90%）數值範圍不同且族群更具體（糖尿病 vs 泛病理），依 SCHEMA §2 為不同條——此二列並存正是為了保留可偵測的漂移。〔2026-08-01〕claim_type 由 fact 改為 epidemiology（schema v8 逐列複核）,glycocalyx/heparanase#1.2.5,
4.2.1-fructose-er-stress,4.2.1,果糖誘導的內質網壓力對糖萼的損傷程度超過葡萄糖。,mechanism,,,unverified,high,,反直覺且標示為 2025 年研究，優先查證,glycocalyx/v3#4.2.1;intake/2026-07-28-糖萼層生理#L88,
4.2.1-heparanase-primary-culprit-diabetes,4.2.1,Heparanase 是糖尿病糖萼損傷的主要致病酵素。,mechanism,,,unverified,med,,§6.3.3 首句原文「heparanase是糖尿病糖萼損傷的『第一兇手』」，修辭措辭改寫為可證偽形式，原措辭記此,glycocalyx/heparanase#6.3.3,
4.2.1-hexosamine-oglcnac,4.2.1,六糖胺途徑過度活化導致 O-GlcNAc 修飾異常，干擾 EXT1/EXT2 的活性與定位。,mechanism,,,unverified,high,,此為「原料充足但合成反而受阻」的反直覺機制,glycocalyx/v3#4.2.1;intake/2026-07-28-糖萼層生理#L86,
4.2.1-hyperglycemia-ext-suppression,4.2.1,高血糖直接抑制 EXT1/EXT2 基因表達，從源頭減少 HS 合成。,mechanism,,,unverified,med,,,glycocalyx/v3#4.2.1;glycocalyx/heparanase#1.2.5;glycocalyx/heparanase#2.2,
4.2.1-ndst1-suppression,4.2.1,高血糖抑制 NDST1 基因表現，導致 HS 硫酸化不足。,mechanism,,,unverified,high,,與 4.2.1-hyperglycemia-ext-suppression 為不同條：該列僅涉 EXT1/EXT2（鏈延長），本列涉 NDST1（N-硫酸化），兩者是 HS 生合成的不同步驟，且後果不同（鏈變短 vs 硫酸化不足）,glycocalyx/heparanase#1.2.5;glycocalyx/heparanase#2.2,
4.2.2-endothelial-ir-ko-mouse,4.2.2,內皮特異性胰島素受體敲除小鼠出現糖萼提早退化。,mechanism,,,unverified,high,,文件標示 2023-2024 年研究,glycocalyx/v3#4.2.2,
4.2.2-ir-bidirectional,4.2.2,糖萼損傷與胰島素抵抗互為因果：損傷致 NO 減少而限制骨骼肌葡萄糖攝取。,mechanism,,,unverified,med,,,glycocalyx/v3#4.2.2,
4.2.3-estrogen-protection,4.2.3,雌激素維持 GAG 合成並抑制 MMP 活性，停經前女性糖萼較同齡男性完整。,epidemiology,,,unverified,med,,,glycocalyx/v3#4.2.3;intake/2026-07-28-糖萼層生理#L19,
4.2.3-hfpef-female-aging-sdc1,4.2.3,HFpEF 女性患者老化過程中 Syndecan-1 升高加速並與心肌纖維化相關。,epidemiology,,,unverified,med,,與 5.2.1-hfpef-sdc1-ha-elevated 主題相鄰，查證時併看,intake/2026-07-28-糖萼層生理#L157,
4.2.3-hrt-rct-2025,4.2.3,荷爾蒙替代療法與糖萼厚度改善相關。,therapeutic,,~DOI:10.14814/phy2.70428,unsupported,high,2026-07-30,"宣稱為 RCT，證據等級高但須確認確實存在。原 statement 措辭為「2025 年小型隨機試驗顯示」，2026-07-30 依 SCHEMA §6 移除時間形容詞與無主詞措辭；查證對象保留於此：原文宣稱為 2025 年的小型隨機試驗，研究設計為 RCT 是本列列為高風險的理由，不得因措辭改寫而失去。2026-07-30 三式檢索（HRT+糖萼厚度隨機試驗／雌激素+停經+PBR GlycoCheck／""glycocalyx""+""hormone replacement therapy""精確詞組）查無任何以 HRT 為介入、以糖萼厚度為終點的人體研究。漂移來源候選：DOI:10.14814/phy2.70428（Gimblet 2025，Physiol Rep 13(12):e70428，NCT06071728 的事後分析，n=22）——2025 年、小型、隨機、停經後女性、糖萼厚度改善，五項全中，但介入是糖萼標靶補充劑 Endocalyx Pro，且母試驗排除近 6 個月內使用荷爾蒙治療者。該文既不支持也不反駁本主張，依 SCHEMA §4 未填入 evidence。另有雌激素保護 HUVEC 糖萼的體外研究（Diebel 2021），僅由 Gimblet 2025 引述得知，未直接取得，依 queries §1.6 不得據以判定。2026-07-31 schema v6：該文依 §4 以 ~ 前綴寫入 evidence，不對位維度為「介入」",glycocalyx/v3#4.2.3;intake/2026-07-28-糖萼層生理#L19,
4.2.3-preterm-nec-risk,4.2.3,早產兒糖萼未成熟與壞死性腸炎風險相關。,epidemiology,,,unverified,med,,,intake/2026-07-28-糖萼層生理#L23,
4.2.3-puberty-synthesis,4.2.3,青春期快速生長期間糖萼合成旺盛。,mechanism,,,unverified,low,,,intake/2026-07-28-糖萼層生理#L24,
4.3.1-lps-tlr4-heparanase,4.3.1,腸屏障受損使 LPS 進入循環，經 TLR4 途徑活化肝素酶並造成全身性糖萼降解。,mechanism,,,unverified,high,,,glycocalyx/v3#4.3.1;intake/2026-07-28-糖萼層生理#L75,
4.3.1-scfa-butyrate-protection,4.3.1,短鏈脂肪酸（尤其丁酸鹽）對糖萼具保護作用。,mechanism,,,unverified,med,,原文措辭為「可能具有保護作用」，屬推測性陳述,intake/2026-07-28-糖萼層生理#L74,
4.3.1-tmao-direct-damage,4.3.1,腸道菌代謝產物 TMAO 可直接損傷糖萼結構。,mechanism,,,unverified,high,,文件標示 2025 年研究,glycocalyx/v3#4.3.1;intake/2026-07-28-糖萼層生理#L73,
4.3.2-microplastic-pyroptosis,4.3.2,穿透糖萼的微塑膠可誘導內皮細胞焦亡並釋放大量發炎介質。,mechanism,,,unverified,high,,,glycocalyx/v3#4.3.2;intake/2026-07-28-糖萼層生理#L79,
4.3.2-nanoplastic-penetration,4.3.2,小於 100nm 的奈米塑膠可穿透糖萼層，聚苯乙烯微粒特別容易與 HS 結合。,mechanism,,,unverified,high,,文件標示 2025 年環境醫學研究,glycocalyx/v3#4.3.2;intake/2026-07-28-糖萼層生理#L79,
5.1-endothelial-heparanase-100x-hours,5.1,內毒素、TNF-α 與缺氧使內皮 heparanase 在數小時內升高 100 倍。,mechanism,,,unverified,high,,§6.3.5。與 4.1-heparanase-hs-50-90pct-hours（數小時內 50–90% HS 消失）為同一時窗的酵素端與受質端，兩列互相標註。「100 倍」的重複使用見 7.2-ra-synovial-heparanase-100x 的註記,glycocalyx/heparanase#6.3.5,
5.1-mito-axis-collapse-leak,5.1,敗血症休克的微循環障礙源於線粒體—糖萼軸崩潰導致的血管滲漏與組織水腫。,mechanism,,,unverified,high,,原文續稱「保護糖萼可能比單純升壓更重要」，屬治療策略比較，未建列（無任何試驗支持，且涉及臨床處置優先序，依 CLAUDE.md 第 6 條的精神從嚴）,mitochondria/axis#1.4,
5.1-sdc1-cutoff-40,5.1,血漿 Syndecan-1 濃度大於 40 ng/mL 是預測敗血症死亡率的指標。,epidemiology,,,partial,high,2026-07-26,40 ng/mL 為創傷內皮病變閾值而非敗血症 cutoff；敗血症文獻採用 121-430 ng/mL 不等。敗血症基礎值約 103 ng/mL、敗血性休克約 139 ng/mL，40 在此族群幾無鑑別力。evidence 待補：創傷原始世代之識別碼本次未取得，不得推測填入。詳見 reports/backfill/2026-07-26-5.1.md,glycocalyx/v3#5.1;intake/2026-07-28-糖萼層生理#L96,
5.1-sdc1-or-204,5.1,血漿 Syndecan-1 升高預測敗血症死亡的優勢比為 2.04。,epidemiology,meta,DOI:10.1002/mbo3.70155,verified,high,2026-07-26,Daniyarova et al. 2025 MicrobiologyOpen。OR 2.04 95% CI 1.66-2.51；9 篇研究 n=2167；I²=84% 異質性高。同篇中 SDC-1 與 MODS 及呼吸衰竭均無顯著相關。PMID 未取得，暫以 DOI 記錄。,glycocalyx/v3#5.1;intake/2026-07-28-糖萼層生理#L126,
5.1-sdc1-sens-90,5.1,以血漿 Syndecan-1 大於 40 ng/mL 預測敗血症死亡率的敏感度為 90%。,epidemiology,,,unverified,high,,與 5.1-sdc1-sens-spec（85%/78%，已判 unsupported）同指標不同數值，依 SCHEMA §2 拆列。同一 intake 文件的表格寫 85%、正文寫 90%，數值漂移見 STATUS §3.6,intake/2026-07-28-糖萼層生理#L96,
5.1-sdc1-sens-spec,5.1,以此閾值預測敗血症死亡率的敏感度為 85%、特異度為 78%。,epidemiology,,,unsupported,high,2026-07-26,三次不同措辭檢索均未找到 85%/78%。實際找到：成人敗血症急診 80%/57.8%、重症流感A 81.3%/70.3%、兒童敗血症 78.6%/68.5%（終點為器官功能障礙）、創傷 56.9%/64.6%。無一相符。,glycocalyx/v3#5.1;intake/2026-07-28-糖萼層生理#L126,
5.1-sepsis-phase1-elastase,5.1,敗血症 0-6 小時以中性球彈性蛋白酶介導的 Syndecan-1 快速脫落為主。,mechanism,,,unverified,med,,,glycocalyx/v3#5.1,
5.1-sepsis-phase2-leak,5.1,敗血症 6-24 小時 MMP 與肝素酶全面活化，導致毛細血管滲漏症候群與多器官衰竭。,mechanism,,,unverified,med,,,glycocalyx/v3#5.1;intake/2026-07-28-糖萼層生理#L97,
5.1-sepsis-phase3-abnormal-repair,5.1,敗血症 24-72 小時的修復期所合成的糖萼常伴隨硫酸化模式異常，可能造成長期血管功能障礙。,mechanism,,,unverified,high,,時序分期是否有直接人體資料支持？,glycocalyx/v3#5.1,
5.1-systemic-collapse-leak-dic,5.1,Heparanase 造成的全身糖萼崩潰導致血管滲漏、組織水腫與 DIC。,mechanism,,,unverified,med,,§6.3.5,glycocalyx/heparanase#6.3.5,
5.2-disturbed-flow-thinning,5.2,血流擾動區域的糖萼變薄導致線粒體 ROS 增加，是斑塊形成的早期始動因素。,mechanism,,,unverified,high,,「早期始動因素」為強因果宣稱。與 5.2.2-acs-burst-degradation 不同（該列為斑塊破裂後的急性降解，本列為斑塊形成前）,mitochondria/axis#1.4,
5.2.1-hfpef-microvascular,5.2.1,HFpEF 的核心病理機制為微血管發炎與內皮功能障礙，而非心肌收縮力下降。,mechanism,,,unverified,high,,,glycocalyx/v3#5.2.1,
5.2.1-hfpef-rarefaction,5.2.1,糖萼損傷導致冠狀動脈微循環稀疏化與心肌間質纖維化，使心室僵硬度增加。,mechanism,,,unverified,med,,,glycocalyx/v3#5.2.1,
5.2.1-hfpef-sdc1-ha-elevated,5.2.1,HFpEF 患者血漿 Syndecan-1 與 HA 片段顯著升高。,epidemiology,,,unverified,high,,,glycocalyx/v3#5.2.1,
5.2.2-acs-burst-degradation,5.2.2,ACS 中斑塊破裂導致局部糖萼爆發性降解，脫落碎片可阻塞下游微循環。,mechanism,,,unverified,med,,,glycocalyx/v3#5.2.2,
5.2.2-covid-ace2-anchoring,5.2.2,ACE2 錨定於糖萼層，病毒結合導致局部糖萼降解。,mechanism,,,unverified,high,,,intake/2026-07-28-糖萼層生理#L101,
5.2.2-covid-spike-direct-cleavage,5.2.2,SARS-CoV-2 棘突蛋白可直接裂解糖萼層。,mechanism,,,unverified,high,,與 5.2.2-covid-ace2-anchoring 為兩種不同機制，原文並列但未說明關係,intake/2026-07-28-糖萼層生理#L104,
5.2.2-longcovid-glycocalyx-memory,5.2.2,長新冠患者的持續微血管功能障礙與表觀遺傳性的糖萼修復能力改變相關。,mechanism,,,unverified,med,,原文用語為「糖萼層記憶」，非文獻慣用術語，查證時須改以表觀遺傳與內皮修復為檢索詞,intake/2026-07-28-糖萼層生理#L102,
5.2.2-longcovid-hs-severity,5.2.2,循環 HS 片段可作為長新冠病情嚴重度的標記。,epidemiology,,,unverified,med,,與 5.5-biomarker-hs-fragment（已判 unsupported）同一標記但適應症不同，查證時併看。〔2026-08-02〕claim_type 由 measurement 改為 epidemiology（schema v9 人體閘門，全帳本掃描新增列）,intake/2026-07-28-糖萼層生理#L103,
5.3-ad-vascular-hypothesis,5.3,血腦屏障內皮糖萼損傷降低對 Aβ 的轉運與清除能力，導致 Aβ 於腦內累積。,mechanism,,,unverified,high,,與主流 Aβ 假說競合，須謹慎標註證據等級,glycocalyx/v3#5.3;intake/2026-07-28-糖萼層生理#L109,
5.3-parkinson-alpha-synuclein,5.3,帕金森氏症黑質微血管的糖萼損傷與 α-synuclein 聚集相關。,mechanism,,,unverified,med,,,intake/2026-07-28-糖萼層生理#L110,
5.3-pbr-precedes-cognitive-2-3y,5.3,糖萼生物標記異常先於認知功能衰退 2-3 年出現。,epidemiology,,~PMID:39494362,unsupported,high,2026-07-30,宣稱為縱向研究＋具體年數，優先查證。原 statement 措辭為「縱向研究顯示」，2026-07-30 依 SCHEMA §6 移除無主詞措辭；查證對象保留於此：原文宣稱為縱向研究。2026-07-30 三次不同措辭檢索（PBR＋縱向＋認知衰退／糖萼生物標記＋失智＋前導時間／「2-3 years」＋glycocalyx＋早期篩查）均未找到任何以糖萼指標為曝險、以認知衰退為終點的縱向研究。檢索到的 PBR 縱向研究終點為死亡率（慢性心衰二年追蹤）與心血管事件，無一以認知功能為終點。〔推論〕最可能的漂移來源為 PMID:39494362（Brain Communications，Karolinska GEDOC 世代，n=251，平均追蹤 10.7 年）：CSF bisecting GlcNAc 高者認知衰退提前，類澱粉陰性組 β=2.53±0.85 年、tau 陰性組 β=2.43±1.01 年。量級與「2-3 年」相符，但三處不對位——(1) 該標記是腦脊髓液的 N-醣鏈結構，不是內皮糖萼；(2) 量測法為 ELLA，不是 PBR／SDF；(3) β 是 MMSE 軌跡的整體提前量，不是「標記異常領先終點幾年」的前導時間，是不同的量。該文獻既不支持也不反駁本主張，依現行 schema 無法寫入 evidence，僅記於此。2026-07-31 schema v6：該文依 §4 以 ~ 前綴寫入 evidence，不對位維度為「量測對象＋量測方法＋量綱」三項,glycocalyx/v3#5.3,
5.3-vascular-dementia-correlation,5.3,小血管病變型失智與糖萼厚度減少呈正相關。,epidemiology,,,unverified,med,,原文用詞「正相關」與語意方向需釐清,glycocalyx/v3#5.3;intake/2026-07-28-糖萼層生理#L111,
5.4-iri-biphasic,5.4,缺血再灌注損傷呈雙相模式：缺血期合成減少，再灌注期 ROS 爆發造成更嚴重脫落。,mechanism,,,unverified,med,,,glycocalyx/v3#5.4;intake/2026-07-28-糖萼層生理#L114,
5.4-iri-organ-specific,5.4,心臟與腎臟的缺血再灌注糖萼損傷模式不同。,mechanism,,,unverified,med,,,intake/2026-07-28-糖萼層生理#L115,
5.4-reperfusion-ros-burst-destroys,5.4,再灌注時的線粒體 ROS 爆發摧毀糖萼，造成再灌注後的水腫與發炎。,mechanism,,,unverified,high,,與 5.4-iri-biphasic 高度相關但非同條：該列講雙相模式的分期，本列講再灌注期的具體機制歸因（線粒體 ROS）。原文措辭「瞬間摧毀」未納入 statement，無時間尺度,mitochondria/axis#1.4,
5.4-s1p-iri-shedding,5.4,S1P 預處理可減輕缺血再灌注造成的糖萼脫落。,therapeutic,in_vitro,PMID:24285115;!PMID:32017300,contested,high,2026-07-31,split_from: 5.4-s1p-preconditioning。支持：PMID:24285115（in_vitro，大鼠脂肪墊內皮，以去除血漿蛋白誘發脫落，S1P >100 nM 經 S1P1 保留 HS、CS 與 syndecan-1 外域，機制為抑制 MMP 活性）——脫落誘因非缺血再灌注，屬條件不同。反駁：PMID:32017300（animal，大鼠離體心臟 Langendorff，S1P 10 nmol/L 缺血前預處理），梗塞面積縮小 P=.01，但冠脈流出液 syndecan-1 濃度與心肌 syndecan-1 免疫染色強度均無影響，作者結論為 S1P 的心臟保護並非由維持糖萼中的 syndecan-1 所介導。依 SCHEMA §5，反駁文獻等級為 animal、反駁型態為「結論相反」，且反駁文獻不計入 tier，故 tier 取支持側的 in_vitro。〔注意〕本列的反駁證據強於支持證據：反駁側是唯一一個真的做了缺血再灌注的實驗，支持側是不相干系統的體外實驗,glycocalyx/v3#5.4;intake/2026-07-28-糖萼層生理#L116,
5.4-s1p-preconditioning,5.4,S1P 預處理可減輕缺血再灌注造成的糖萼脫落並保護移植器官。,therapeutic,,,superseded,high,2026-07-30,文件標示 2025 年研究；治療性宣稱。NEEDS-REVIEW（2026-07-30）：本列含兩個可獨立證偽的子宣稱，判定結果相反，且反駁屬方向層級，依 backfill runbook §4 第 1 款不自行判定。子宣稱一（減輕 IRI 糖萼脫落）：PMID:32017300 大鼠離體心臟 Langendorff，S1P 10 nmol/L 缺血前預處理確實縮小梗塞面積（P=.01），但對冠脈流出液 syndecan-1 濃度與心肌 syndecan-1 免疫染色強度均無影響，作者結論為 S1P 的心臟保護「並非由維持糖萼中的 syndecan-1 所介導」。支持側僅 PMID:24285115（大鼠脂肪墊內皮，以去除血漿蛋白誘發脫落，S1P >100 nM 經 S1P1 保留 HS、CS 與 syndecan-1 外域），為體外且非 IRI 情境。子宣稱二（保護移植器官）：查無原始研究，PMID:33671524 綜述指腎移植 IRI 與糖萼的證據多屬實驗性。拆列程序仍屬 STATUS §5 待決，未自行拆。split_into: 5.4-s1p-iri-shedding;5.4-s1p-transplant（2026-07-31 依 SCHEMA §6 拆列，原列 statement／evidence／tier／last_checked 保留為拆列前的歷史狀態）,glycocalyx/v3#5.4;intake/2026-07-28-糖萼層生理#L116,
5.4-s1p-transplant,5.4,S1P 預處理可保護移植器官。,therapeutic,,,unsupported,high,2026-07-31,"split_from: 5.4-s1p-preconditioning。三式檢索（S1P 預處理＋糖萼脫落＋缺血再灌注＋移植／S1P＋供體器官保存＋移植物功能＋預處理／""S1P""＋glycocalyx＋graft＋機械灌流）查無任何以移植結果為終點的 S1P 預處理原始研究。僅得綜述：PMID:33671524（腎移植 IRI 與糖萼）與 DOI:10.3390/ijms22084019（器官保存與糖萼），兩者均列 S1P 為候選保護分子，並明言現有證據多屬實驗性、缺乏臨床研究；依 SCHEMA §5 綜述不足以單獨支持 verified，循其引用亦未追到移植終點的原始研究。〔注意〕另查到一篇方向相反的移植研究：大鼠異位心臟移植，冷保存損傷由 S1P 誘發，S1PR3 拮抗劑反而減輕冷損傷。該研究介入為受體拮抗而非給予 S1P、損傷型態為冷保存而非缺血再灌注、無糖萼終點，屬相關但不對位；本次未取得識別碼，故未依 §4 寫入 ~ token，待補",glycocalyx/v3#5.4;intake/2026-07-28-糖萼層生理#L116,
5.5-biomarker-endocan,5.5,Endocan 作為生物標記的敏感度為 77%、特異度為 70%，高死亡風險 OR 為 5.06。,epidemiology,meta,DOI:10.1002/mbo3.70155,partial,high,2026-07-26,OR 5.06 已驗證：6 篇研究 n=435；95% CI 2.52-10.18；I²=42.5 異質性低。敏感度77%/特異度70% 查無出處，該薈萃分析未報告 endocan 之敏感度特異度。最接近者為重症肺炎預測 ARDS 之 78.7%/70.3%（cutoff 11.6 ng/mL），疾病與終點均不同，疑為跨疾病誤植。建議拆為兩條 claim。,glycocalyx/v3#5.5;intake/2026-07-28-糖萼層生理#L130,
5.5-biomarker-ha-lmw,5.5,低分子量 HA 作為生物標記的敏感度為 80%、特異度為 75%，與認知衰退相關。,epidemiology,,,unsupported,high,2026-07-26,查無出處。血漿認知衰退標記領域由 pTau217、pTau181、NfL、GFAP、Aβ42/40 主導，檢索未出現任何以低分子量透明質酸為認知衰退標記之研究。可能與 5.3-pbr-precedes-cognitive-2-3y 同源。,glycocalyx/v3#5.5;intake/2026-07-28-糖萼層生理#L128,
5.5-biomarker-hs-fragment,5.5,HS 片段作為生物標記的敏感度為 72%、特異度為 81%，與血栓風險正相關。,epidemiology,,,unsupported,high,2026-07-26,查無出處。HS 片段確為內皮損傷標記（危重症、COVID-19 相關 ARDS、移植排斥），但未見建立診斷切點或預測血栓風險之研究。機制上合理（見 2.4-3o-sulfation-atiii）但無臨床驗證，屬把機制推論寫成流行病學數據。,glycocalyx/v3#5.5;intake/2026-07-28-糖萼層生理#L127,
5.5-biomarker-thrombomodulin,5.5,Thrombomodulin 在 HFpEF 中與住院或死亡的風險比為 2.10。,epidemiology,human_obs,DOI:10.1161/JAHA.124.040179,partial,high,2026-07-26,JAHA STANISLAS/MEDIA-DHF/BIOSTAT-CHF 世代。方向與關聯獲支持：perlecan 與 thrombomodulin 較高者 HFpEF 住院與死亡風險顯著上升，校正基線後仍成立。但 HR 2.10 未能在摘要層級確認，需取全文核對世代與 tertile 定義。,glycocalyx/v3#5.5;intake/2026-07-28-糖萼層生理#L131,
5.5-ha-cutoff-100,5.5,血漿 hyaluronan 高於 100 ng/mL 為早期糖萼損傷的切點。,epidemiology,,,unverified,high,,出自 §5.1 血漿標記表「早期糖萼損傷切點」欄。恰為同表正常值 50 ng/mL 的兩倍，見批次報告的比值分析,glycocalyx/heparanase#5.1,
5.5-ha-lmw-sarcopenia,5.5,HA 低分子量化減少骨骼肌營養供應並與肌少症相關。,mechanism,,,unverified,med,,與 5.5-biomarker-ha-lmw（已判 unsupported）為同一分子的不同終點，依 SCHEMA §2 屬不同條,intake/2026-07-28-糖萼層生理#L119,
5.5-ha-normal-50,5.5,血漿 hyaluronan 的正常值低於 50 ng/mL。,measurement,,,unverified,high,,出自 §5.1 血漿標記表「正常值」欄,glycocalyx/heparanase#5.1,
5.5-ha-reflects-hyaluronidase,5.5,血漿 hyaluronan 濃度反映透明質酸酶活性。,mechanism,,,unverified,med,,出自 §5.1 血漿標記表「臨床意義」欄,glycocalyx/heparanase#5.1,
5.5-hs-cutoff-600,5.5,血漿 heparan sulfate 高於 600 ng/mL 為早期糖萼損傷的切點。,epidemiology,,,unverified,high,,出自 §5.1 血漿標記表「早期糖萼損傷切點」欄。恰為同表正常值 300 ng/mL 的兩倍，見批次報告的比值分析,glycocalyx/heparanase#5.1,
5.5-hs-most-specific,5.5,四項血漿糖萼標記中 heparan sulfate 的特異度最高。,epidemiology,,,unverified,med,,原文「特異性最高」未指明比較對象，依表格脈絡限定為表列四項標記，該限定為抽取時所加，記此,glycocalyx/heparanase#5.1,
5.5-hs-normal-300,5.5,血漿 heparan sulfate 的正常值低於 300 ng/mL。,measurement,,,unverified,high,,出自 §5.1 血漿標記表「正常值」欄,glycocalyx/heparanase#5.1,
5.5-hs-reflects-heparanase,5.5,血漿 heparan sulfate 濃度反映 heparanase 活性。,mechanism,,,unverified,med,,出自 §5.1 血漿標記表「臨床意義」欄,glycocalyx/heparanase#5.1,
5.5-pbr-1-3m-after-diagnosis,5.5,糖尿病診斷後 1-3 個月內 PBR 即顯著增加。,epidemiology,,,unverified,high,,出自 §5.1 SDF 段「已證實」句,glycocalyx/heparanase#5.1,
5.5-pbr-earlier-than-organ-damage,5.5,PBR 升高比任何器官損傷指標都更早出現。,epidemiology,,,unverified,high,,原文為括號內的「比任何器官損傷都早」。全稱量詞「任何」逐字保留——該措辭是可證偽性的關鍵，只要有一個反例即不成立,glycocalyx/heparanase#5.1,
5.5-pbr-sdc1-correlation,5.5,PBR 升高與血漿 Syndecan-1 升高通常呈正相關。,measurement,human_obs,PMID:29462714;PMID:36523784,partial,med,2026-07-30,方向成立但強度與「通常」皆不成立。PMID:29462714（human_obs，非敗血症加護病人）報告 syndecan-1 與舌下 PBR 呈弱相關；r=0.40（p=0.002）此一數值僅見於同研究群的 ISICEM 會議摘要（DOI:10.1186/s13054-018-1973-5），同儕審查全文只寫「weak correlation」未給係數。PMID:36523784（human_obs，CABG 體外循環，n=23）同樣為弱相關，且 PBR 與 heparan sulfate、E-selectin、thrombomodulin 的相關性為中度，明顯高於與 syndecan-1 者；該文結論明言無單一標記能代表糖萼全貌。同一份 ISICEM 增刊另一篇敗血症摘要（n=31）則報告 syndecan-1 與 APACHE II、Ang-2/Ang-1 相關但與 PBR 不相關，作者自述為 apparent discrepancy。〔推論〕原 note 假設「若成立則兩者可互為驗證」不成立：兩者量的是不同的東西——PBR 是當下的屏障通透性，syndecan-1 是累積的脫落產物血中濃度，弱相關是預期而非缺陷。〔注意〕支持與反駁的兩篇摘要共用同一個增刊 DOI，該識別碼無法作為 ! 前綴 token 使用，故 evidence 僅收兩篇全文,glycocalyx/v3#5.5,
5.5-pbr-vs-hba1c-cv-events,5.5,PBR 預測心血管事件的能力優於 HbA1c。,epidemiology,,,unverified,high,,與 5.6.2-dr-biomarker-vs-hba1c（血中標記對 DR 嚴重度的敏感度高於 HbA1c）同型比較而終點不同，兩列須併看,glycocalyx/heparanase#5.1,
5.5-sdc1-cutoff-80-100,5.5,血漿 Syndecan-1 高於 80-100 ng/mL 為早期糖萼損傷的切點。,epidemiology,,,unverified,high,,出自 §5.1 血漿標記表「早期糖萼損傷切點」欄。這是 syndecan-1 的第三個切點值，與 5.1-sdc1-cutoff-40（敗血症 40）、5.6.1-dkd-sdc1-100-4-6x（DKD 100）並存，三者的族群與終點皆不同。四組閾值的比值型態見批次報告,glycocalyx/heparanase#5.1,
5.5-sdc1-earlier-than-microalbuminuria-6-12m,5.5,血漿 Syndecan-1 升高比微量白蛋白尿早 6-12 個月出現。,epidemiology,,,unverified,high,,與 5.6.1-dkd-sdc1-earlier-than-uacr（同方向但未給前導時間，來源 §2.6）互相標註。〔注意〕與同文件 §5.5 的「微量白蛋白尿出現前數年」（本批 5.7-detect-years-before-microalbuminuria）量級不一致，兩列須併看,glycocalyx/heparanase#5.1,
5.5-sdc1-hs-dual-elevation-8-12x,5.5,第 2 型糖尿病患者的 Syndecan-1 與 heparan sulfate 兩項同時升高者，2 年內發生微量白蛋白尿的風險增加 8-12 倍。,epidemiology,,,unverified,high,,"原文附「2024–2025 多項前瞻性研究（Diabetologia, Kidney Int）證實」，具名期刊但未具名論文，時間形容詞依 SCHEMA §6 移除，原措辭記此供查證",glycocalyx/heparanase#5.1,
5.5-sdc1-most-sensitive,5.5,四項血漿糖萼標記中 Syndecan-1 的敏感度最高。,epidemiology,,,unverified,med,,原文「最敏感」未指明比較對象，依表格脈絡限定為表列四項標記（Syndecan-1、heparan sulfate、hyaluronan、可溶性 thrombomodulin），該限定為抽取時所加，記此,glycocalyx/heparanase#5.1,
5.5-sdc1-normal-40,5.5,血漿 Syndecan-1 的正常值低於 40 ng/mL。,measurement,,,unverified,high,,出自 §5.1 血漿標記表「正常值」欄。〔注意〕同一個 40 ng/mL 在本帳本已有另一個角色：5.1-sdc1-cutoff-40（敗血症死亡率預測切點，已判 partial），該列查證取得的敗血症實測基礎值約 103 ng/mL。同一數字在同一專案內一處是正常上限、一處是死亡預測切點，兩列須併看,glycocalyx/heparanase#5.1,
5.5-stm-cutoff-8,5.5,血漿可溶性 thrombomodulin 高於 8 ng/mL 為早期糖萼損傷的切點。,epidemiology,,,unverified,high,,出自 §5.1 血漿標記表「早期糖萼損傷切點」欄。四組閾值中唯一不是正常值整數倍者（比值 1.6）,glycocalyx/heparanase#5.1,
5.5-stm-normal-5,5.5,血漿可溶性 thrombomodulin 的正常值低於 5 ng/mL。,measurement,,,unverified,high,,出自 §5.1 血漿標記表「正常值」欄,glycocalyx/heparanase#5.1,
5.5-stm-reflects-endothelial-injury,5.5,可溶性 thrombomodulin 升高同時反映內皮損傷。,mechanism,,,unverified,med,,出自 §5.1 血漿標記表「臨床意義」欄。原文「同時」指除糖萼損傷外亦反映內皮損傷,glycocalyx/heparanase#5.1,
5.5-triple-biomarker-elevation,5.5,糖尿病、慢性腎病、冠心病與敗血症患者的血中 syndecan-1、heparan sulfate 與 hyaluronan 濃度皆顯著升高。,epidemiology,,,unverified,high,,四個疾病族群 × 三個標記的複合宣稱。依 SCHEMA §6 本可拆為多條，但原文即以此複合形式呈現且未給任何一組的具體數值，拆列會產生十二條同樣無數值的空列。查證時若發現各族群證據強度不同，再依 §6 拆。〔2026-08-01〕claim_type 由 fact 改為 epidemiology（schema v8 逐列複核）,glycocalyx/heparanase#1.4;glycocalyx/heparanase#3.4,
5.6-macrovascular-heparanase-evidence-1b,5.6,Heparanase 在糖尿病大血管病變中的致病角色，證據等級為 1B。,epidemiology,,,unverified,high,,§6.3.3 表證據等級欄,glycocalyx/heparanase#6.3.3,
5.6-macrovascular-plaque-instability,5.6,動脈粥樣斑塊內巨噬細胞的 heparanase 促進斑塊不穩定。,mechanism,,,unverified,med,,§6.3.3 表第 4 列。本列是本帳本首條糖尿病大血管病變的 claim——前四節（§2–§4）只收腎、眼、神經三個微血管併發症。依 TOPICS v2，5.6 已更名為「糖尿病慢性併發症」，本列落於總論節點而非三個子節點之一,glycocalyx/heparanase#6.3.3,
5.6.1-dkd-animal-thickness-60-80pct,5.6.1,動物模型中糖萼厚度於 1-2 週內減少 60-80%。,fact,,,unverified,high,,具體數值加時間窗。與 2.2-pathological-50-90pct、4.2.1-dm-thickness-50-70pct 為同族的厚度減少數值但條件不同（動物模型、1-2 週），三者並存以保留可偵測的漂移,glycocalyx/heparanase#2.2,
5.6.1-dkd-biomarker-uacr-correlation,5.6.1,糖尿病患者血中 syndecan-1、heparan sulfate 與 hyaluronan 濃度與尿白蛋白/肌酸酐比高度相關。,epidemiology,,,unverified,high,,「高度相關」無相關係數，查證時須取得實際數值。〔2026-08-01〕claim_type 由 fact 改為 epidemiology（STATUS §5 核准，選項 A）,glycocalyx/heparanase#2.4,
5.6.1-dkd-charge-selectivity-70pct,5.6.1,正常腎小球濾過屏障 70% 的電荷選擇性來自糖萼的 HS。,fact,,,unverified,high,,具體數值。與 2.2-glomerular-hs-charge 為不同條：該列為電荷屏障的定性命題（且為混合宣稱，見 STATUS §5 待拆），本列為 70% 這個定量歸因。〔2026-08-01〕schema v8 複核保留 claim_type=fact（statement 不含因果連接詞），但本列為定量歸因，查證時採 mechanism 的檢索取向（酵素對照實驗）而非數值比對,glycocalyx/heparanase#2.3,
5.6.1-dkd-em-early-thinning,5.6.1,電子顯微鏡顯示 DKD 早期甚至正常白蛋白尿階段糖萼已明顯變薄。,epidemiology,,,unverified,high,,「正常白蛋白尿階段」是關鍵限定——若成立則支持糖萼損傷早於現行臨床指標。〔2026-08-01〕claim_type 由 fact 改為 measurement（schema v8 逐列複核）〔2026-08-02〕claim_type 由 measurement 改為 epidemiology（schema v9 人體閘門）,glycocalyx/heparanase#2.4,
5.6.1-dkd-ext1-ko-mouse,5.6.1,內皮特異性敲除 EXT1 的小鼠出現自發性蛋白尿與腎小球硬化。,mechanism,,,unverified,high,,與 5.6.1-dkd-hs-ko-proteinuria 為不同條：該列敲除的是 HS 本身，本列敲除的是合成酵素 EXT1，且本列含腎小球硬化這個額外表型,glycocalyx/heparanase#2.4,
5.6.1-dkd-glycocalyx-reversible-window,5.6.1,糖萼損傷是糖尿病腎病變最早的可逆階段，此後進入不可逆結構傷害。,mechanism,,,unverified,high,,「可逆」為強宣稱，須有逆轉實證而非僅時序推論,glycocalyx/heparanase#2.1,
5.6.1-dkd-heparanase-10-50x,5.6.1,DKD 患者腎組織中 heparanase 升高 10-50 倍。,epidemiology,,,unverified,high,,具體數值。本檔另有視網膜 20-100 倍、坐骨神經 30-80 倍的平行數值，屆時分列並互相標註以偵測漂移。〔2026-08-01〕claim_type 由 fact 改為 epidemiology（schema v8 逐列複核）〔2026-08-02〕§6.3.3 表第 1 列重述同一倍數與同一誘導因子組合（高血糖、AGEs、Ang II），追加 source_ref,glycocalyx/heparanase#2.2;glycocalyx/heparanase#6.3.3,
5.6.1-dkd-heparanase-evidence-1a,5.6.1,Heparanase 在糖尿病腎病變中的致病角色，證據等級為 1A。,epidemiology,,,unverified,high,,§6.3.3 表證據等級欄。本檔首次為 heparanase 的疾病角色標註證據等級,glycocalyx/heparanase#6.3.3,
5.6.1-dkd-heparanase-glomerular-podocyte,5.6.1,高血糖、AGEs 與 Angiotensin II 誘導腎小球內皮與足細胞表現 heparanase。,mechanism,,,unverified,high,,三個誘導因子 × 兩種細胞。Ang II 為本檔反覆出現的上游，與 4.1.3（肝素酶上游調控）主題相關，但本列限定於腎小球細胞，故歸 5.6.1,glycocalyx/heparanase#2.2,
5.6.1-dkd-hs-ko-proteinuria,5.6.1,動物實驗中單獨敲除內皮 heparan sulfate 即足以引起大量蛋白尿，不需足細胞傷害。,mechanism,,,unverified,high,,關鍵的因果分離實驗。「不需足細胞傷害」是強宣稱，須確認原始研究是否直接檢驗足細胞完整性,glycocalyx/heparanase#2.3,
5.6.1-dkd-inflammatory-mediators,5.6.1,TNF-α、IL-1β 與 MCP-1 由單核細胞與足細胞釋放並活化 MMP-2/9 與 ADAM17。,mechanism,,,unverified,med,,足細胞作為發炎介質來源是 DKD 特有，MCP-1 為 v3 未涵蓋的分子,glycocalyx/heparanase#2.2,
5.6.1-dkd-mechanical-barrier-collapse,5.6.1,糖萼變薄使內皮直接暴露，導致白血球黏附、微血栓與內皮活化，蛋白尿本身再誘導足細胞與小管傷害。,mechanism,,,unverified,med,,含兩個環節（暴露後的內皮事件／蛋白尿的二次傷害），原文以惡性循環串接。查證時若兩環節證據強度不同，依 SCHEMA §6 拆,glycocalyx/heparanase#2.3,
5.6.1-dkd-microalbuminuria-is-glycocalyx,5.6.1,微量白蛋白尿的本質是糖萼病變。,mechanism,,,unverified,high,,強等同宣稱。原文以「就是」表述，未保留任何模態。查證時須確認文獻是否支持此等同，或僅支持「糖萼損傷是微量白蛋白尿的原因之一」,glycocalyx/heparanase#2.6,
5.6.1-dkd-mito-ros-nox4,5.6.1,高血糖經粒線體 ROS 與 NOX4 活化直接氧化斷裂 HS 側鏈。,mechanism,,,unverified,high,,與 3.4-nox-uncoupled-enos-mito-ros 為不同條：該列為慢性發炎的泛 ROS 來源（NOX1/2/4），本列限定高血糖且指名 NOX4,glycocalyx/heparanase#2.2,
5.6.1-dkd-ras-ang2-adam17,5.6.1,高血糖使局部 Angiotensin II 增加，上調 heparanase 與 ADAM17，造成 syndecan-1 與 glypican-1 大量脫落。,mechanism,,,unverified,high,,RAS 路徑。與 4.1-adam10-adam17-shedding 為不同條：該列的上游是細胞激素，本列是 Ang II,glycocalyx/heparanase#2.2,
5.6.1-dkd-sdc1-100-4-6x,5.6.1,syndecan-1 高於 100 ng/mL 預測 DKD 進展風險增加 4-6 倍。,epidemiology,,,unverified,high,,具體切點加效果量。與 5.1-sdc1-cutoff-40（敗血症 40 ng/mL）為不同條：切點、疾病、終點均不同。兩列並存可偵測切點在不同疾病間的漂移。〔2026-08-01〕claim_type 由 fact 改為 epidemiology（STATUS §5 核准，選項 A）,glycocalyx/heparanase#2.4,
5.6.1-dkd-sdc1-earlier-than-uacr,5.6.1,早期檢測血中 syndecan-1 與 heparan sulfate 可比 UACR 更早發現 DKD。,epidemiology,,,unverified,high,,比較級但可證偽（兩指標的前導時間可量測）。與 5.7 的早期診斷主題相關，但本列限定 DKD，故歸 5.6.1。〔2026-08-01〕claim_type 由 fact 改為 epidemiology（schema v8 逐列複核）,glycocalyx/heparanase#2.6,
5.6.1-dkd-sdf-sublingual-50pct,5.6.1,側流暗場影像顯示第 2 型糖尿病患者舌下微血管糖萼厚度減少 50%。,epidemiology,,,unverified,high,,具體數值。量測部位為舌下而非腎臟——以舌下微循環代表腎小球狀態是本檔多處採用的推論，該推論本身未被檢驗。〔2026-08-01〕claim_type 由 fact 改為 measurement（STATUS §5 核准，選項 A）〔2026-08-02〕claim_type 由 measurement 改為 epidemiology（schema v9 人體閘門）,glycocalyx/heparanase#2.4,
5.6.1-dkd-shear-loss-hyperfiltration,5.6.1,糖萼損傷使腎小球 NO 生成減少、入球小動脈收縮，導致高濾過並造成進一步損傷。,mechanism,,,unverified,high,,高濾過（hyperfiltration）是 DKD 的核心概念，亦為 SGLT2i 作用機制的對象。原文稱糖萼是腎小球內皮感受剪應力的「主要結構」，該修飾語未納入 statement,glycocalyx/heparanase#2.3,
5.6.1-dkd-timeline-classic-lesion-months-years,5.6.1,高血糖出現後數月至數年出現足細胞傷害、GBM 增厚與 Kimmelstiel-Wilson 結節。,fact,,,unverified,high,,DKD 時間序第三階段。Kimmelstiel-Wilson 結節為具名病理特徵，可查,glycocalyx/heparanase#2.1,
5.6.1-dkd-timeline-microalbuminuria-weeks-months,5.6.1,高血糖出現後數週至數月出現微量白蛋白尿。,fact,,,unverified,high,,DKD 時間序第二階段,glycocalyx/heparanase#2.1,
5.6.1-dkd-timeline-thinning-days-weeks,5.6.1,高血糖出現後數天至數週內糖萼開始變薄與脫落。,fact,,,unverified,high,,DKD 時間序第一階段。三階段（糖萼變薄／微量白蛋白尿／經典結構病變）各自可獨立證偽，依 SCHEMA §6 分列三條,glycocalyx/heparanase#2.1,
5.6.2-dr-acellular-capillaries-hypoxia,5.6.2,糖萼脫落後的白血球黏附造成無細胞毛細血管與微血栓，導致視網膜缺氧。,mechanism,,,unverified,med,,與 5.6.2-dr-timeline-pericyte-acellular-months 為不同條：該列為時間序（數月出現），本列為成因機制。上游的黏附分子暴露為器官中性句，已追加 source_ref 至 4.1-icam-vcam-exposure；原文另加「尤其是單核細胞」，該限定未進入既有列，記此,glycocalyx/heparanase#3.3,
5.6.2-dr-adaptive-optics-early-thinning,5.6.2,自適應光學影像可直接觀察到早期的糖萼變薄。,measurement,,,unverified,med,,原文作「已可直接看到」。與 2.1.2（SDF 與 PBR 技術）主題相關但量測平台不同，且本列限定視網膜，故歸 5.6.2。查證時須確認自適應光學所測的是糖萼本身或其代理指標,glycocalyx/heparanase#3.4,
5.6.2-dr-biomarker-severity-correlation,5.6.2,糖尿病視網膜病變患者血中 syndecan-1、heparan sulfate 與 hyaluronan 顯著升高，且與病變嚴重度高度相關。,epidemiology,,,unverified,high,,「高度相關」無相關係數，查證時須取得實際數值。與 5.6.1-dkd-biomarker-uacr-correlation 為平行宣稱而終點不同（該列對 UACR，本列對 DR 嚴重度）。「升高」本身已由 5.5-triple-biomarker-elevation 涵蓋並已追加 source_ref，本列取的是與嚴重度的相關。〔2026-08-01〕claim_type 由 fact 改為 epidemiology（STATUS §5 核准，選項 A）,glycocalyx/heparanase#3.4,
5.6.2-dr-biomarker-vs-hba1c,5.6.2,血中 syndecan-1、heparan sulfate 與 hyaluronan 對糖尿病視網膜病變嚴重度的敏感度高於 HbA1c。,epidemiology,,,unverified,high,,原文作「比 HbA1c 更敏感」，緊接於「高度相關」之後——相關係數與敏感度為不同量，原文未區分，查證時須分開處理。與 5.6.1-dkd-sdc1-earlier-than-uacr、5.6.2-dr-sdc1-earlier-than-fundus 同屬「糖萼標記優於現行指標」的比較級宣稱族。〔2026-08-01〕claim_type 由 fact 改為 epidemiology（STATUS §5 核准，選項 A）,glycocalyx/heparanase#3.4,
5.6.2-dr-brb-barrier-60-80pct,5.6.2,糖萼提供視網膜毛細血管 60-80% 的電荷與機械屏障。,fact,,,unverified,high,,具體數值。與 5.6.1-dkd-charge-selectivity-70pct（腎小球 70% 電荷選擇性）為平行值：該列僅限電荷，本列把電荷屏障與機械屏障合併為同一個百分比。兩種屏障為不同量綱，合併成單一數值屬 STATUS §3.15 的候選型態，查證時須分開查。〔2026-08-01〕schema v8 複核保留 claim_type=fact（statement 不含因果連接詞），但本列為定量歸因，查證時採 mechanism 的檢索取向（酵素對照實驗）而非數值比對,glycocalyx/heparanase#3.3,
5.6.2-dr-brb-glycocalyx-dependence,5.6.2,視網膜毛細血管幾乎完全依賴糖萼維持血視網膜屏障。,mechanism,,,unverified,med,,「幾乎完全」為原文模態，依 STATUS §3.18 逐字保留。與 5.6.2-dr-brb-barrier-60-80pct 為不同條：本列定性、該列定量。兩者在同一節內且量化程度不相容（「幾乎完全」與「60-80%」），此內部不一致本身即為查證線索,glycocalyx/heparanase#3.2,
5.6.2-dr-dme-central-vision,5.6.2,黃斑水腫是糖尿病視網膜病變患者中心視力模糊最常見的原因。,epidemiology,,,unverified,med,,原文作「臨床最常見：中心視力模糊的罪魁禍首」，主詞未明示，本列取黃斑水腫為主詞。「最常見」為絕對級，查證時須取得比例,glycocalyx/heparanase#3.3,
5.6.2-dr-dme-is-glycocalyx,5.6.2,糖尿病黃斑水腫的本質是視網膜糖萼與 Müller 細胞糖萼的崩潰。,mechanism,,,unverified,high,,強等同宣稱，原文以「就是」表述，未保留任何模態。與 5.6.1-dkd-microalbuminuria-is-glycocalyx 為同型宣稱（「X 的本質就是糖萼病變」）而器官不同。查證時須確認文獻支持的是此等同，或僅支持「糖萼損傷是原因之一」,glycocalyx/heparanase#3.6,
5.6.2-dr-earliest-detectable-event,5.6.2,糖萼損傷是糖尿病視網膜病變最早可偵測的病理事件之一，早於臨床可見的微血管瘤。,fact,,,unverified,high,,合併原文兩處：接縫前言（#L184-185）作「2023–2025 年國際共識已將『糖萼損傷』視為糖尿病視網膜病變最早期的核心病理事件之一，甚至早於臨床可見的微血管瘤」；§3.6 作「最早可偵測事件」與「核心驅動因素」且未帶模態。依 STATUS §3.18 取較弱模態（之一）。時間形容詞「2023–2025 年」與未具名權威「國際共識」依 SCHEMA §6 移除，原措辭記此。「核心驅動因素」無可證偽的操作定義，未建列。§2.6 的 DKD 對應句（「起始事件」）在第二批未建列，見本批報告補抽清單,glycocalyx/heparanase#3.6;glycocalyx/heparanase#L184-185,
5.6.2-dr-heparanase-20-100x,5.6.2,糖尿病患者與動物模型的視網膜 heparanase mRNA 與蛋白升高 20-100 倍。,epidemiology,,,unverified,high,,具體數值。本檔三個平行值：DKD 腎組織 10-50 倍（5.6.1-dkd-heparanase-10-50x）、視網膜 20-100 倍（本列）、坐骨神經 30-80 倍（§4 待抽）。三者範圍互相重疊而上下界各異，須同批查證以判斷是否同源。原文將人體患者與動物模型併為同一數值範圍，查證時須分開。〔2026-08-01〕claim_type 由 fact 改為 epidemiology（schema v8 逐列複核）〔2026-08-02〕§6.3.3 表第 2 列重述同一倍數，追加 source_ref,glycocalyx/heparanase#3.2;glycocalyx/heparanase#6.3.3,
5.6.2-dr-heparanase-evidence-1a,5.6.2,Heparanase 在糖尿病視網膜病變中的致病角色，證據等級為 1A。,epidemiology,,,unverified,high,,§6.3.3 表證據等級欄,glycocalyx/heparanase#6.3.3,
5.6.2-dr-heparanase-ko-resists-leakage,5.6.2,內皮特異性敲除 heparanase 的小鼠完全抵抗糖尿病誘導的視網膜滲漏。,mechanism,,,unverified,high,,「完全抵抗」為絕對宣稱，依 STATUS §3.18 逐字保留，但查證時須確認原始研究的實際效果量。與 5.6.1-dkd-ext1-ko-mouse、5.6.1-dkd-hs-ko-proteinuria 同為基因敲除的因果分離實驗，敲除對象不同（heparanase／EXT1／HS 本身）,glycocalyx/heparanase#3.4,
5.6.2-dr-heparanase-overexpression-phenotype,5.6.2,過表現 heparanase 的小鼠即使無糖尿病也出現糖尿病視網膜病變樣病變。,mechanism,,,unverified,high,,與 5.6.2-dr-heparanase-ko-resists-leakage 互為正反向實驗。本檔 §4 有結構相同的神經病變版本（「Heparanase 過表現小鼠即使血糖正常也出現典型糖尿病神經病變」），屆時分列並互相標註——同一實驗設計在多個器官重複出現，須確認是否為同一份研究的多次轉述,glycocalyx/heparanase#3.4,
5.6.2-dr-hs-loss-leakage-dme,5.6.2,HS 減少使白蛋白與脂蛋白滲漏，造成硬性滲出與黃斑水腫。,mechanism,,,unverified,med,,脂蛋白滲漏為 DR 特有（硬性滲出的成分），DKD 的對應敘述僅提白蛋白。與 5.6.2-dr-brb-barrier-60-80pct 為同段的定性下游,glycocalyx/heparanase#3.3,
5.6.2-dr-hypoxia-hif1a-vegf,5.6.2,糖萼損傷造成的微循環障礙使視網膜缺氧，經 HIF-1α 導致 VEGF 大量分泌。,mechanism,,,unverified,med,,與 5.6.2-dr-vegfa-early-heparanase 的 VEGF 角色相反，見該列 note。HIF-1α 與 HPA 啟動子的關係在本檔 §6.4（對應 section 4.1.3）另有敘述，查證時併同處理,glycocalyx/heparanase#3.3,
5.6.2-dr-mito-ros-nox4,5.6.2,高血糖使視網膜的粒線體 ROS 與 NOX4 劇增。,mechanism,,,unverified,high,,與 5.6.1-dkd-mito-ros-nox4 為平行宣稱而器官不同：該列另含「直接氧化斷裂 HS 側鏈」的下游，本列僅取上游（下游在原文為器官中性句，已追加 source_ref 至 4.1-ros-desulfation）。兩列須同批查證,glycocalyx/heparanase#3.2,
5.6.2-dr-muller-edema,5.6.2,Müller 細胞表面糖萼降解導致神經視網膜水腫，是糖尿病黃斑水腫的核心機制之一。,mechanism,,,unverified,med,,「之一」為原文模態，逐字保留。原文該項標題另稱「周細胞的糖萼也同時受損」，但內文未就周細胞糖萼展開，該宣稱無可抽取的內容，記此為原文問題,glycocalyx/heparanase#3.2,
5.6.2-dr-octa-thickness-50-80pct,5.6.2,OCT-A 結合糖萼染色顯示糖尿病視網膜病變患者的視網膜毛細血管糖萼厚度減少 50-80%。,epidemiology,,,unverified,high,,具體數值。原文於方法後標註「（研究中）」，該限定記此，statement 未含。厚度減少值的第六個版本；與同節的 5.6.2-dr-stz-thickness-70-90pct（STZ 鼠 70-90%）數值範圍相鄰而族群不同（人體／動物），須確認兩者是否互為轉述。〔2026-08-01〕claim_type 由 fact 改為 measurement（STATUS §5 核准，選項 A）〔2026-08-02〕claim_type 由 measurement 改為 epidemiology（schema v9 人體閘門）,glycocalyx/heparanase#3.4,
5.6.2-dr-pericyte-apoptosis,5.6.2,HS 降解使 PDGF-B 訊號中斷，導致周細胞早期凋亡。,mechanism,,,unverified,med,,與 5.6.2-dr-pericyte-hs-pdgfb 為同一因果鏈的兩個環節，依 SCHEMA §6 分列。周細胞凋亡為 DR 的既有病理，但「因 HS 降解而凋亡」是本檔的歸因，查證時須與其他周細胞凋亡機制對照,glycocalyx/heparanase#3.3,
5.6.2-dr-pericyte-hs-pdgfb,5.6.2,周細胞依靠糖萼中的 HS 結合 PDGF-B 以維持存活訊號。,mechanism,,,unverified,med,,分子層宣稱。屬 STATUS §3.12「歸屬漂移發生在分子層」的候選型態——查證時把「結合 PDGF-B 的分子」與「維持周細胞存活的訊號」拆開查,glycocalyx/heparanase#3.3,
5.6.2-dr-ras-ang2-adam17,5.6.2,視網膜局部 RAS 活化使 Angiotensin II 上調 heparanase 與 ADAM17，造成 syndecan-1 與 glypican-1 大量脫落。,mechanism,,,unverified,high,,與 5.6.1-dkd-ras-ang2-adam17 幾乎逐字相同，差異僅在器官脈絡。依 SCHEMA §2 歸屬不同故分列；若查證顯示該機制為器官中性，兩列應合併至 4.1.3（肝素酶上游調控）——本批未合併，記為待決，見本批報告。兩列須同批查證,glycocalyx/heparanase#3.2,
5.6.2-dr-retina-highest-oxygen,5.6.2,視網膜是人體耗氧最高的組織。,fact,,,unverified,med,,背景事實，原文作為「視網膜氧化壓力比腎臟更劇烈」的前提。TOPICS 無「器官代謝背景」節點，依主題最貼近者暫置 5.6.2；若 §4 出現同型宣稱再一併提案建節點，見本批報告待建節點。「最高」為絕對級，查證時須確認比較基準（單位重量或單位體積耗氧）,glycocalyx/heparanase#3.2,
5.6.2-dr-retina-rage-expression,5.6.2,視網膜內皮細胞與周細胞皆強烈表現 RAGE。,fact,,,unverified,med,,「強烈」的比較基準（相對於何種組織）原文未給。與 4.2.1-ages-rage-mmp 為不同條：該列為 AGEs-RAGE-MMP 通路，本列為受體表現的組織分布,glycocalyx/heparanase#3.2,
5.6.2-dr-reversible-window,5.6.2,糖萼損傷是糖尿病視網膜病變的可逆階段，錯過則進入不可逆的視網膜損傷。,mechanism,,,unverified,high,,與 5.6.1-dkd-glycocalyx-reversible-window 為平行宣稱而器官不同，兩列並存。「可逆」為強宣稱，須有逆轉實證而非僅時序推論,glycocalyx/heparanase#3.1,
5.6.2-dr-sdc1-earlier-than-fundus,5.6.2,血中 syndecan-1 與 heparan sulfate 可能成為比眼底攝影更早的糖尿病視網膜病變篩查標記。,epidemiology,,,unverified,high,,原文作「有望成為」，模態依 STATUS §3.18 保留為「可能」。與 5.6.1-dkd-sdc1-earlier-than-uacr 為平行宣稱而對照指標不同（該列對 UACR，本列對眼底攝影）。〔2026-08-01〕claim_type 由 fact 改為 epidemiology（schema v8 逐列複核）,glycocalyx/heparanase#3.6,
5.6.2-dr-stz-thickness-70-90pct,5.6.2,STZ 糖尿病鼠的糖萼厚度於 2-4 週內減少 70-90%。,fact,,,unverified,high,,具體數值加時間窗。厚度減少值的第五個版本，與 2.2-pathological-50-90pct（泛病理 50-90%）、4.2.1-dm-thickness-50-70pct（糖尿病患者 50-70%）、5.6.1-dkd-animal-thickness-60-80pct（動物 1-2 週 60-80%）、5.6.1-dkd-sdf-sublingual-50pct（T2D 舌下 50%）並存。五條的物種、部位、量測法、時間窗各不相同而數值相近，依 SCHEMA §2 為不同條，須同批查證以判斷是否源自同一份研究,glycocalyx/heparanase#3.2,
5.6.2-dr-timeline-npdr-1-5y,5.6.2,高血糖出現後 1-5 年出現微血管瘤、硬性滲出與棉絮斑，屬非增殖期糖尿病視網膜病變。,fact,,,unverified,high,,DR 時間序第三階段。本階段上界（5 年）與第四階段下界（5 年）重疊，原文未說明歸屬,glycocalyx/heparanase#3.1,
5.6.2-dr-timeline-pdr-5-15y,5.6.2,高血糖出現後 5-15 年出現新生血管與玻璃體出血，屬增殖期糖尿病視網膜病變。,fact,,,unverified,high,,DR 時間序第四階段。DKD 時間序（5.6.1 三列）僅三階段且末階段為「數月至數年」，DR 為四階段且延伸至 15 年；兩者的時間尺度不對等，查證時不得互相代換,glycocalyx/heparanase#3.1,
5.6.2-dr-timeline-pericyte-acellular-months,5.6.2,高血糖出現後數月出現視網膜內皮細胞與周細胞功能障礙，無細胞毛細血管增加。,fact,,,unverified,high,,DR 時間序第二階段。含兩個可獨立證偽的終點（細胞功能障礙／無細胞毛細血管增加），原文並列於同一階段；查證時若兩者時窗不同，依 SCHEMA §6 拆,glycocalyx/heparanase#3.1,
5.6.2-dr-timeline-thinning-weeks,5.6.2,高血糖出現後數週內視網膜微血管糖萼明顯變薄與脫落。,fact,,,unverified,high,,DR 時間序第一階段。與 5.6.1-dkd-timeline-thinning-days-weeks（腎臟：數天至數週）為平行值而時窗不同，兩列並存以偵測漂移。原文 §3.2 標題稱 DR 的糖萼損傷「比腎臟更早、更劇烈」，但本階段的時窗反而晚於 DKD 版本，該內部不一致記此待查,glycocalyx/heparanase#3.1,
5.6.2-dr-vegfa-early-heparanase,5.6.2,高血糖使早期 VEGF-A 輕度上升並誘導 heparanase。,mechanism,,,unverified,med,,「早期」與「輕度」為原文模態，依 STATUS §3.18 逐字保留。與 5.6.2-dr-hypoxia-hif1a-vegf 的 VEGF 角色相反（本列為上游誘導者，該列為下游產物），原文以「局部惡性循環」串接，查證時須確認兩個方向各自的證據,glycocalyx/heparanase#3.2,
5.6.3-dn-angii-vegf-adam17,5.6.3,Angiotensin II 與 VEGF 誘導 ADAM17，造成 syndecan-1 與 syndecan-4 大量脫落。,mechanism,,,unverified,high,,與 5.6.1-dkd-ras-ang2-adam17、5.6.2-dr-ras-ang2-adam17 為同一段落的第三次複製，但兩處漂移：上游多了 VEGF（另兩列僅 Ang II），下游的脫落對象由「syndecan-1 與 glypican-1」變為「syndecan-1/4」。三列須同批查證，並確認 glypican-1 與 syndecan-4 何者為原始文獻所述,glycocalyx/heparanase#4.2.1,
5.6.3-dn-biomarker-ncv-ccm-correlation,5.6.3,糖尿病神經病變患者血中 syndecan-1 與 heparan sulfate 濃度與神經傳導速度及角膜神經纖維密度高度負相關。,epidemiology,,,unverified,high,,「高度負相關」無相關係數，查證時須取得實際數值。與 5.6.1-dkd-biomarker-uacr-correlation、5.6.2-dr-biomarker-severity-correlation 為三器官平行宣稱而對照終點不同（UACR／DR 嚴重度／NCV 與 CCM）。本列的標記只有兩項，另兩列為三項（多 hyaluronan）,glycocalyx/heparanase#4.4,
5.6.3-dn-bnb-barrier-70-80pct,5.6.3,血神經屏障有 70-80% 由糖萼維持。,fact,,,unverified,high,,具體數值。屏障貢獻百分比的第三個版本：腎小球 70%（僅電荷選擇性，5.6.1-dkd-charge-selectivity-70pct）、視網膜 60-80%（電荷與機械，5.6.2-dr-brb-barrier-60-80pct）、血神經屏障 70-80%（本列，未指明屏障類型）。三者的量綱界定各不相同，須同批查證。同 5.6.2 對應列，本列為定量歸因，查證採 mechanism 的檢索取向,glycocalyx/heparanase#4.2.1,
5.6.3-dn-bnb-collapse-influx,5.6.3,HS 減少使白蛋白與免疫球蛋白滲入神經內，產生直接毒性並誘發神經內發炎。,mechanism,,,unverified,med,,免疫球蛋白滲入為 DN 特有，DKD 與 DR 的對應敘述僅提白蛋白（DR 另加脂蛋白）。三器官的滲漏分子清單各不相同，查證時須確認是各自的文獻依據還是轉述時的替換,glycocalyx/heparanase#4.3,
5.6.3-dn-ccm-earlier-2-5y,5.6.3,糖尿病患者角膜神經糖萼厚度的下降比神經纖維密度下降早 2-5 年。,epidemiology,,,unverified,high,,與 5.6.3-dn-ccm-earlier-than-fiber-density（同方向、未給前導時間，來源 §4.4）互相標註，本列的前導時間出自 §5.1。原文附「2024–2025 年多篇研究（Lancet Diabetes Endocrinol）證實」，具名期刊但未具名論文，時間形容詞依 SCHEMA §6 移除，原措辭記此,glycocalyx/heparanase#5.1,
5.6.3-dn-ccm-earlier-than-fiber-density,5.6.3,角膜神經糖萼厚度的下降早於角膜神經纖維密度的下降。,epidemiology,,,unverified,high,,前導時序宣稱。原文於本節未給前導時間，但本檔 §5.3 另稱「早 2-5 年」，屆時分列並互相標註。與 5.6.3-dn-iendf-skin-biopsy 同型而平台不同,glycocalyx/heparanase#4.4,
5.6.3-dn-ccm-sdc1-screening,5.6.3,角膜神經糖萼厚度與血中 syndecan-1 可能成為比傳統電生理更早、更敏感的糖尿病神經病變篩查工具。,epidemiology,,,unverified,high,,原文作「有望成為」，模態依 STATUS §3.18 保留為「可能」。三器官的篩查宣稱平行值：DKD 對 UACR（5.6.1-dkd-sdc1-earlier-than-uacr）、DR 對眼底攝影（5.6.2-dr-sdc1-earlier-than-fundus）、DN 對傳統電生理（本列）。本列同時宣稱「更早」與「更敏感」兩件事，查證時須分開,glycocalyx/heparanase#4.6,
5.6.3-dn-ccm-thickness-40-60pct,5.6.3,角膜共軛焦顯微鏡顯示糖尿病患者的角膜神經糖萼厚度減少 40-60%。,epidemiology,,,unverified,high,,具體數值。厚度減少值的第七個版本，且是六個既有版本中最低的一組（40-60%），量測部位為角膜神經而非血管。原文附「2024 年多篇 Lancet Diabetes & Endocrinology 論文」，具名期刊但未具名論文，時間形容詞依 SCHEMA §6 移除，原措辭記此供查證。〔2026-08-02〕claim_type 由 measurement 改為 epidemiology（schema v9 人體閘門）,glycocalyx/heparanase#4.4,
5.6.3-dn-cfiber-full-dependence,5.6.3,無髓鞘 C 纖維與 Aδ 纖維的營養完全依賴微血管糖萼。,mechanism,,,unverified,med,,「完全依賴」為絕對宣稱。與 5.6.2-dr-brb-glycocalyx-dependence（「幾乎完全依賴」）為同型宣稱而模態更強，構成三器官的模態遞增序列之一，見 STATUS §3.20,glycocalyx/heparanase#4.3,
5.6.3-dn-earliest-event,5.6.3,糖萼損傷是糖尿病神經病變最早期的病理機制之一，早於軸突變性與脫髓鞘。,fact,,,unverified,high,,接縫前言原文：「截至2025年11月，國際共識已將『微血管糖萼與神經內糖萼（endoneurial & perineurial glycocalyx）損傷』視為糖尿病神經病變最核心、最早期的病理機制之一，甚至比軸突變性或脫髓鞘還早出現」。時間形容詞與未具名權威依 SCHEMA §6 移除，原措辭記此；「最核心」無操作定義，未納入。與 5.6.2-dr-earliest-detectable-event 為平行宣稱而器官與對照事件不同（該列對微血管瘤，本列對軸突變性與脫髓鞘）,glycocalyx/heparanase#4.6;glycocalyx/heparanase#L280-281,
5.6.3-dn-em-microvascular-near-complete-loss,5.6.3,電子顯微鏡顯示糖尿病患者神經內微血管糖萼幾乎完全消失。,epidemiology,,,unverified,high,,「幾乎完全消失」為定性極值，與本檔各處的厚度減少百分比（最高 70-90%）不同量綱，查證時須確認是同一組研究的不同表述還是不同來源。〔2026-08-02〕claim_type 由 measurement 改為 epidemiology（schema v9 人體閘門）,glycocalyx/heparanase#4.4,
5.6.3-dn-ext1-ko-mouse,5.6.3,內皮特異性敲除 EXT1 的小鼠出現自發性神經傳導減慢與疼痛過敏。,mechanism,,,unverified,high,,與 5.6.1-dkd-ext1-ko-mouse 為同一基因敲除模型而表型不同（該列為自發性蛋白尿與腎小球硬化）。同一模型在兩節產生兩組表型，查證時須確認是否出自同一份研究——若是，本檔把一份研究的多器官表型拆寫成兩節各自的證據,glycocalyx/heparanase#4.4,
5.6.3-dn-heparanase-evidence-1b,5.6.3,Heparanase 在糖尿病神經病變中的致病角色，證據等級為 1B。,epidemiology,,,unverified,high,,§6.3.3 表證據等級欄,glycocalyx/heparanase#6.3.3,
5.6.3-dn-heparanase-injection-nbf-50pct,5.6.3,動物實驗中單純以肝素酶注射降解糖萼即可造成神經內血流下降 50%。,fact,,,unverified,high,,具體數值。這是本檔少數的因果分離實驗（不經糖尿病、僅移除糖萼）。原文續稱「完全模擬糖尿病神經缺氧」，為絕對宣稱且需與糖尿病模型的實測值對照，未納入 statement，記此待查,glycocalyx/heparanase#4.3,
5.6.3-dn-heparanase-overexpression-phenotype,5.6.3,過表現 heparanase 的小鼠即使血糖正常也出現典型的糖尿病神經病變。,mechanism,,,unverified,high,,與 5.6.2-dr-heparanase-overexpression-phenotype（即使無糖尿病也出現 DR 樣病變）為同一實驗設計的第二次出現。兩列的措辭差異值得注意：DR 版作「DR 樣病變」，本列作「典型的糖尿病神經病變」——後者未加「樣」字，宣稱強度較高。須確認是否為同一份研究的兩次轉述,glycocalyx/heparanase#4.4,
5.6.3-dn-hs-loss-axon-demyelination,5.6.3,HS 降解使神經修復能力喪失，導致軸突變性與脫髓鞘。,mechanism,,,unverified,med,,與 5.6.3-dn-schwann-hs-ngf-bdnf 為同一因果鏈的下游環節，依 SCHEMA §6 分列。軸突變性與脫髓鞘同時也是 5.6.3-dn-earliest-event 的對照事件，兩列查證時併看,glycocalyx/heparanase#4.3,
5.6.3-dn-iendf-skin-biopsy,5.6.3,糖尿病疼痛患者的皮膚活檢顯示表皮內神經纖維密度下降之前糖萼已變薄。,epidemiology,,,unverified,high,,前導時序宣稱，未給前導時間長度。與 5.6.3-dn-ccm-earlier-than-fiber-density 同型（糖萼變化早於神經纖維指標）而量測平台不同（皮膚活檢／角膜共軛焦顯微鏡），兩列須同批查證。〔2026-08-02〕claim_type 由 measurement 改為 epidemiology（schema v9 人體閘門，全帳本掃描新增列）,glycocalyx/heparanase#4.3,
5.6.3-dn-is-glycocalyx-disease,5.6.3,糖尿病神經病變的本質是微血管糖萼與神經內糖萼的病變，而非代謝性神經病變。,mechanism,,,unverified,high,,強等同宣稱，原文以「從一開始就不是……而是」表述，未保留任何模態。「X 的本質就是糖萼病變」句式的第三次出現：5.6.1-dkd-microalbuminuria-is-glycocalyx（微量白蛋白尿）、5.6.2-dr-dme-is-glycocalyx（糖尿病黃斑水腫）、本列（整個疾病）。本列的範圍最大——前兩列的主詞是單一臨床表現，本列是整個疾病實體,glycocalyx/heparanase#4.6,
5.6.3-dn-more-hypoxia-prone-than-glomerulus,5.6.3,神經內血管比腎小球更容易缺氧。,fact,,,unverified,med,,比較級但可證偽（兩處的氧分壓或缺氧閾值可量測）。原文緊接的「機制與腎臟、視網膜高度相似，但更敏感」無操作定義，未納入 statement。本列是三器官嚴重度遞增序列中唯一給出可查理由的一句，見 STATUS §3.20,glycocalyx/heparanase#4.2.1,
5.6.3-dn-nerve-biopsy-albumin,5.6.3,糖尿病患者的神經活檢顯示神經內明顯的白蛋白滲出。,epidemiology,,,unverified,high,,原文稱此為「最早病理發現」，屬時序宣稱，未納入 statement，記此待查。與 5.6.1-dkd-em-early-thinning（電子顯微鏡顯示 DKD 早期糖萼變薄）同為具名量測平台的人體組織發現。〔2026-08-02〕claim_type 由 measurement 改為 epidemiology（schema v9 人體閘門）,glycocalyx/heparanase#4.3,
5.6.3-dn-no-loss-terminal-constriction,5.6.3,糖萼脫落使內皮 NO 生成減少，造成終末血管收縮。,mechanism,,,unverified,med,,與 5.6.1-dkd-shear-loss-hyperfiltration 為同一機制在不同血管床的結果分歧：腎小球是入球小動脈收縮導致高濾過，神經是終末血管收縮導致缺氧。上游相同而下游相反（高灌流／低灌流），查證時須確認兩者的血管床依據,glycocalyx/heparanase#4.3,
5.6.3-dn-preclinical-fully-reversible,5.6.3,糖萼損傷是糖尿病神經病變的臨床前階段，早期干預可完全逆轉。,mechanism,,,unverified,high,,「完全逆轉」為絕對宣稱。三器官的同位句構成模態遞增序列：DKD「最早的可逆階段」、DR「可逆階段的關鍵」、DN「可完全逆轉」——同一種宣稱逐節加強，而三節皆未給逆轉實證。與 5.6.1-dkd-glycocalyx-reversible-window、5.6.2-dr-reversible-window 須同批查證,glycocalyx/heparanase#4.1,
5.6.3-dn-ranvier-hs-loss-conduction,5.6.3,Ranvier 結節的 HS 喪失造成 Na⁺ 通道簇集障礙，使傳導速度下降。,mechanism,,,unverified,high,,本檔唯一一條把糖萼降解接到具體電生理終點的機制鏈。與 5.6.3-dn-timeline-nbf-ncv-1-3m 為不同條：該列為時間序，本列為成因。**對象非血管糖萼**，見本批報告待建節點,glycocalyx/heparanase#4.2.2,
5.6.3-dn-schwann-glycocalyx-function,5.6.3,雪旺氏細胞表面的糖萼負責髓鞘穩定與離子通道定位。,mechanism,,,unverified,med,,與 5.6.3-dn-schwann-glycocalyx-thicker 為不同條：該列講厚度，本列講功能。**對象非血管糖萼**，見本批報告待建節點,glycocalyx/heparanase#4.2.2,
5.6.3-dn-schwann-glycocalyx-thicker,5.6.3,雪旺氏細胞表面的糖萼比內皮糖萼厚。,fact,,,unverified,high,,比較級但可證偽（兩者厚度可量測）。原文作「極厚的糖萼（比內皮還厚）」。本檔既有的內皮糖萼厚度為 0.5-5 μm（2.1.1-invivo-0.5-5um），本列未給雪旺氏細胞的數值，查證時須取得。**本列的對象非血管糖萼**，見本批報告待建節點,glycocalyx/heparanase#4.2.2,
5.6.3-dn-schwann-heparanase-autodegradation,5.6.3,高血糖使雪旺氏細胞直接表現 heparanase 並降解自身糖萼。,mechanism,,,unverified,high,,「直接表現」指細胞自身表現而非外源，為自體降解的關鍵限定。與 5.6.1-dkd-heparanase-glomerular-podocyte（腎小球內皮與足細胞表現 heparanase）同型而細胞別不同。**對象非血管糖萼**，見本批報告待建節點。〔2026-08-02〕§6.3.3 表第 3 列重述雪旺氏細胞 heparanase 升高導致血神經屏障破壞，追加 source_ref,glycocalyx/heparanase#4.2.2;glycocalyx/heparanase#6.3.3,
5.6.3-dn-schwann-hs-ngf-bdnf,5.6.3,雪旺氏細胞糖萼中的 HS 是 NGF 與 BDNF 的儲存庫。,mechanism,,,unverified,med,,分子層宣稱，屬 STATUS §3.12（歸屬漂移發生在分子層）的候選型態——查證時把「結合 NGF/BDNF 的分子」與「儲存庫的所在位置」拆開查。與 5.6.2-dr-pericyte-hs-pdgfb（HS 結合 PDGF-B 維持周細胞存活）為同型句構，生長因子不同,glycocalyx/heparanase#4.3,
5.6.3-dn-sciatic-heparanase-30-80x,5.6.3,糖尿病鼠坐骨神經的 heparanase 升高 30-80 倍。,fact,,,unverified,high,,具體數值。heparanase 升高倍數的第三個版本：DKD 患者腎組織 10-50 倍（5.6.1-dkd-heparanase-10-50x）、視網膜 20-100 倍（5.6.2-dr-heparanase-20-100x，含患者與動物模型）、糖尿病鼠坐骨神經 30-80 倍（本列，僅動物）。三個範圍互相重疊而上下界各異，須同批查證以判斷是否同源。本列因限於動物而 claim_type 為 fact，另兩列涉人體族群,glycocalyx/heparanase#4.2.1,
5.6.3-dn-smallfiber-earliest-symptom,5.6.3,糖萼損傷使小纖維最早受損，產生灼痛、刺痛與感覺異常。,mechanism,,,unverified,med,,「最早受損」為時序宣稱，須與 5.6.3-dn-timeline-pain-6-24m（6-24 個月）對照。原文標題稱小纖維神經病變為「最常見的臨床表現」，屬絕對級流行病學宣稱，未納入 statement，記此待查,glycocalyx/heparanase#4.3,
5.6.3-dn-symptoms-are-glycocalyx,5.6.3,疼痛、感覺異常與神經傳導減慢的本質是神經內微血管糖萼崩潰所致的慢性缺氧與發炎。,mechanism,,,unverified,high,,與 5.6.3-dn-is-glycocalyx-disease 為不同條：該列的主詞是疾病實體，本列是三個具體症狀，且本列指名中介機制（慢性缺氧與發炎）。原文以「本質是」表述，未保留模態,glycocalyx/heparanase#4.6,
5.6.3-dn-terminal-vessels,5.6.3,周邊神經的營養血管是終末血管。,fact,,,unverified,med,,背景事實，原文作為「神經內血管比腎小球更容易缺氧」的前提。與 5.6.2-dr-retina-highest-oxygen 同型（器官代謝或血管構造的背景事實），至此有兩個樣本，已於本批報告提出建節點提案。暫置 5.6.3,glycocalyx/heparanase#4.2.1,
5.6.3-dn-timeline-motor-years,5.6.3,高血糖出現後數年出現運動神經受累、潰瘍與截肢。,fact,,,unverified,high,,DN 時間序第四階段。與 DR 第四階段（5-15 年）不同，本列僅作「數年後」而無數值範圍——同一份文件的三個器官章節，只有 DR 的末期給了具體年數,glycocalyx/heparanase#4.1,
5.6.3-dn-timeline-nbf-ncv-1-3m,5.6.3,高血糖出現後 1-3 個月出現神經內血流下降與神經傳導速度減慢。,fact,,,unverified,high,,DN 時間序第二階段。原文註明神經傳導速度「電生理可測」，為量測可及性的限定，未納入 statement。含兩個可獨立證偽的終點（NBF／NCV），查證時若時窗不同依 SCHEMA §6 拆,glycocalyx/heparanase#4.1,
5.6.3-dn-timeline-pain-6-24m,5.6.3,高血糖出現後 6-24 個月出現感覺異常與疼痛，屬小纖維神經病變。,fact,,,unverified,high,,DN 時間序第三階段,glycocalyx/heparanase#4.1,
5.6.3-dn-timeline-thinning-weeks,5.6.3,高血糖出現後數週內神經內微血管與雪旺氏細胞糖萼明顯變薄。,fact,,,unverified,high,,DN 時間序第一階段。三器官第一階段的平行值：DKD 數天至數週、DR 數週內、DN 數週內。DKD 最早而 DR 與 DN 相同——與原文各節標題宣稱的嚴重度遞增（DR「比腎臟更早、更劇烈」、DN「比疼痛症狀早得多」、§4.2.1「比腎臟、視網膜更敏感」）不一致，見 STATUS §3.20。本列同時涵蓋微血管與雪旺氏細胞兩種糖萼，後者非血管糖萼，見本批報告待建節點,glycocalyx/heparanase#4.1,
5.7-ai-sdf-auto-scoring,5.7,SDF 影像可結合 AI 自動分析並計算糖萼損傷分數。,measurement,,,unverified,med,,出自 §5.3 新技術表「原理」欄。同列「預計上市時間 2025年底」與「敏感度預估：高」不建列，數值記此,glycocalyx/heparanase#5.3,
5.7-alcian-blue-hs-octa,5.7,Alcian blue 染色可特異染出 heparan sulfate 並與 OCT-A 結合成像。,measurement,,,unverified,med,,出自 §5.3 新技術表「原理」欄。同列「預計上市時間 2026」與「敏感度預估：高」不建列，數值記此,glycocalyx/heparanase#5.3,
5.7-ccm-nerve-and-glycocalyx,5.7,角膜共軛焦顯微鏡可同時觀察角膜神經纖維與神經周圍糖萼厚度。,measurement,,,unverified,med,,出自 §5.1 CCM 段。主詞為平台能力，依 SCHEMA §2（v9）人體閘門不適用，維持 measurement,glycocalyx/heparanase#5.1,
5.7-cec-cd146-sdc1-low,5.7,循環內皮細胞的糖萼狀態可以流式細胞儀偵測 CD146 陽性且 Syndecan-1 低表現的細胞來評估。,measurement,,,unverified,med,,出自 §5.2 第 1 項。主詞為量測方法本身,glycocalyx/heparanase#5.2,
5.7-cec-loses-surface-sdc1,5.7,糖萼嚴重脫落時循環內皮細胞會失去表面 Syndecan-1。,fact,,,unverified,med,,出自 §5.2 第 1 項。「嚴重」為程度限定，原文未給判準,glycocalyx/heparanase#5.2,
5.7-damaged-effective-volume-increase,5.7,糖萼損傷者的有效循環體積增加。,fact,,,unverified,med,,出自 §5.2 第 3 項。原文以糖萼佔非循環體積為前提推導此結果，兩者為同一敘述的因與果，故分列,glycocalyx/heparanase#5.2,
5.7-detect-years-before-microalbuminuria,5.7,糖萼損傷可在微量白蛋白尿出現前數年被檢測到。,epidemiology,,,unverified,high,,原文「2025年我們終於有能力在『微量白蛋白尿出現前數年』就檢測到」，時間形容詞依 SCHEMA §6 移除。〔注意〕與同文件 §5.1 表格的「早 6-12 個月」（本批 5.5-sdc1-earlier-than-microalbuminuria-6-12m）量級不一致,glycocalyx/heparanase#5.5,
5.7-earliest-endothelial-indicator,5.7,糖萼損傷是最早出現的內皮病變指標。,epidemiology,,,unverified,med,,原文措辭「糖萼損傷是21世紀最早的內皮病變指標」，時間形容詞依 SCHEMA §6 移除，原措辭記此。最高級「最早」的比較範圍未在原文界定,glycocalyx/heparanase#5.5,
5.7-egc-damage-precedes-organ-markers,5.7,糖萼損傷比傳統器官損傷指標早數月到數年出現。,epidemiology,,,unverified,high,,§4 與 §5 之間的接縫前言（L362-363）。原文：「糖萼損傷往往比傳統器官損傷指標早數月到數年出現，因此早期診斷是目前最熱門的轉譯研究領域」。時間形容詞與未具名權威依 SCHEMA §6 移除，原措辭記此。處理方式沿用 5.6.3-dn-earliest-event。與本批 5.7-detect-years-before-microalbuminuria、5.5-sdc1-earlier-than-microalbuminuria-6-12m 為同一份文件內三個不同量級的前導時間,glycocalyx/heparanase#L362-363,
5.7-glycocalyx-volume-500-1000ml,5.7,糖萼佔據 500-1000 mL 的非循環體積。,measurement,,,unverified,high,,出自 §5.2 第 3 項。原文未指明此為成人全身值或特定體型下的推估,glycocalyx/heparanase#5.2,
5.7-glycocalyx-volume-dextran40,5.7,內皮糖萼體積可用 Dextran-40 或紅血球與血漿體積差異估算。,measurement,,,unverified,med,,出自 §5.2 第 3 項,glycocalyx/heparanase#5.2,
5.7-laser-speckle-albumin-leak,5.7,雷射散斑對比影像結合靜脈注射螢光標記白蛋白可觀察皮膚微血管的滲漏速率。,measurement,,,unverified,med,,出自 §5.2 第 2 項。原文含「小劑量」但未給具體劑量，依 CLAUDE.md 第 6 條不納入 statement,glycocalyx/heparanase#5.2,
5.7-leak-index-3-10x,5.7,糖萼損傷者的滲漏指數升高 3-10 倍。,epidemiology,,,unverified,high,,出自 §5.2 第 2 項。原文未定義「滲漏指數」的計算方式，也未說明比較基準為健康對照或自身基線,glycocalyx/heparanase#5.2,
5.7-multiphoton-in-vivo-thickness,5.7,多光子顯微鏡活體成像可直接觀察腎小球或視網膜的糖萼厚度。,measurement,,,unverified,med,,出自 §5.3 新技術表「原理」欄。同列「預計上市時間 2026–2028」與「敏感度預估：極高」兩欄依 STATUS §4 不建列（前者為對未來的預測，後者未給可比對的量），數值記此供追溯,glycocalyx/heparanase#5.3,
5.7-nanodrop-hs-fragment,5.7,奈米感測技術可用於血中 heparan sulfate 碎片的床邊即時檢測。,measurement,,,unverified,med,,出自 §5.3 新技術表「原理」欄。原文以「NanoDrop 感測器」為名，NanoDrop 是既有的分光光度計品牌，原文未說明兩者是否為同一物，此為可能的品名誤植。同列「預計上市時間 2027」與「敏感度預估：極高」不建列，數值記此,glycocalyx/heparanase#5.3,
6.1-dn-glycocalyx-paradigm,6.1,具名臨床指引或學會立場聲明將保護神經糖萼列為糖尿病神經病變的治療目標。,therapeutic,,,unverified,high,,原文作「『保護神經糖萼』已成為糖尿病神經病變治療的新典範」，屬未具名權威宣稱，依 SCHEMA §6 改寫為可查核形式；指不出具名來源即判 unsupported。原文續稱「未來 heparanase 抑制劑可能讓糖尿病神經病變從『不可逆』變成『可治癒』」，為前瞻推測且不可證偽，未建列。與 6.1-dr-glycocalyx-paradigm 為同一句式的第二次出現；§2.6 的 DKD 版本仍在補抽清單,glycocalyx/heparanase#4.6,
6.1-dr-glycocalyx-paradigm,6.1,具名臨床指引或學會立場聲明將保護視網膜糖萼列為糖尿病視網膜病變的治療目標。,therapeutic,,,unverified,high,,原文作「『保護視網膜糖萼』已成為糖尿病視網膜病變治療的新典範」，屬未具名權威宣稱，依 SCHEMA §6 改寫為可查核形式；指不出具名來源即判 unsupported。原文續稱「未來 heparanase 抑制劑可能徹底改變 DR 預後」，為前瞻推測且不可證偽，未建列。本檔 §2.6 有結構相同的 DKD 版本，該句在第二批未建列，見本批報告補抽清單,glycocalyx/heparanase#3.6,
6.1-existing-drugs-reversible,6.1,現有藥物可逆轉糖萼損傷。,therapeutic,,,unverified,med,,原文「並且能用現有藥物逆轉」，時間形容詞依 SCHEMA §6 移除。藥物未具名，「逆轉」的程度與終點亦未界定,glycocalyx/heparanase#5.5,
6.1-glycocalyx-as-treatment-target-paradigm,6.1,具名臨床指引或學會立場聲明將保護與修復糖萼列為必須達成的治療目標。,therapeutic,,,unverified,med,,出自 §5.7 後的結論段，原文「『保護與修復糖萼』已經從2015年的『學術概念』變成2025年的『臨床必須治療目標』」。時間形容詞與未具名權威依 SCHEMA §6 移除，原措辭記此。與 6.1-dr-glycocalyx-paradigm、6.1-dn-glycocalyx-paradigm 同型，本列為不限器官的總括版本，三列須併看,glycocalyx/heparanase#5.7,
6.1-golgi-sulfotransferase-dysfunction,6.1,若內皮代謝環境未被糾正，高爾基體內的硫酸化酶仍功能紊亂，所合成的糖萼仍有功能缺陷。,mechanism,,,unverified,high,,支撐整個「質量修復」策略的關鍵假設,glycocalyx/v3#6.1,
6.1-heparanase-inhibitor-target,6.1,高特異性肝素酶抑制劑可阻斷發炎-降解的惡性循環。,therapeutic,animal,PMID:38302978,partial,high,2026-07-30,須確認是否有進入臨床試驗的化合物——已確認：有，但無一針對本主張的情境。支持：db/db 小鼠以 OVZ/HS-1638 治療後糖萼深度改善，且同時免於視網膜與腎絲球的通透性變化（另有勘誤 PMID:38378538）。依 SCHEMA §2，therapeutic 僅有動物證據不得判 verified。「高特異性」在已進入人體試驗者中不成立：pixatimod(PG545)、roneparstat(SST0001)、necuparanib(M-402)、muparfostat(PI-88) 全為 HS mimetic 異質性混合物，適應症皆為腫瘤，其中 necuparanib 與 muparfostat 已終止開發；截至本次檢索無任何 heparanase 特異性抑制劑核准上市，亦無以血管糖萼或發炎-降解循環為終點的人體試驗,glycocalyx/v3#6.1,
6.1-metabolic-reprogramming-target,6.1,改善內皮線粒體功能與抑制六糖胺途徑過度活化，可為糖萼合成提供正確的代謝環境。,therapeutic,in_vitro,PMID:31680061,partial,med,2026-07-30,目前應屬假說層級。本列含兩個子宣稱，僅前半有證據。支持（線粒體半句）：hiPSC 衍生內皮細胞的 mPTP 功能異常伴隨線粒體功能下降與 ROS 上升，以 cyclosporine A 關閉 mPTP 後線粒體功能改善並恢復糖萼，細胞得以順流排列——體外 hiPSC，依 SCHEMA §2 therapeutic 不得判 verified。無證據（六糖胺半句）：查無「抑制六糖胺途徑可改善糖萼合成」的研究，且方向存疑——HBP 產生的 UDP-GlcNAc 正是 GAG 合成的原料，抑制之未必增加糖萼合成。intake/2026-07-28-糖萼層生理 另有一句「六糖胺途徑過度活化：消耗 UDP-GlcNAc，減少 GAG 合成原料」，與 HBP 的生化方向相反，另列追查,glycocalyx/v3#6.1,
6.1-microbiome-target,6.1,調節腸道菌群以減少內毒素與 TMAO 可降低對糖萼的攻擊。,therapeutic,,,unsupported,med,2026-07-30,"目前應屬假說層級——三式檢索（腸道菌調節+內毒素/TMAO+糖萼／""TMAO""+""glycocalyx""精確詞組／丁酸 SCFA 益生菌+糖萼介入）查無任何以糖萼為終點的腸道菌介入研究。相鄰證據存在但終點不對位：TMAO 損害內皮功能的機制文獻以 eNOS 活性、ROS 與黏附分子為終點；SCFA/丁酸的內皮保護研究以 NO 生物可用性為終點。兩者皆未量測糖萼厚度、體積、覆蓋率或脫落標記",glycocalyx/v3#6.1,
6.1-partial-thickness-restoration-achievable,6.1,糖萼治療已可做到部分厚度恢復。,therapeutic,,,unverified,med,,出自治療總表前言（L427）「目標：不僅抑制降解，更要促進糖萼再生（目前已可做到部分厚度恢復）」。時間形容詞依 SCHEMA §6 移除。此句是整張總表「糖萼修復幅度」欄的總括宣稱，該欄十列的數值皆為其實例,glycocalyx/heparanase#5.5,
6.1-sulodexide-mixed,6.1,舒洛地特在部分研究中可增加糖萼厚度，但在重症或嚴重代謝紊亂患者中療效不一。,therapeutic,rct,PMID:20865240;PMID:22034636,partial,high,2026-07-30,治療性宣稱，須找到臨床試驗——已找到。前半句支持：n=10 第二型糖尿病男性，舒洛地特 2 個月後舌下與視網膜糖萼維度部分恢復（非隨機、無安慰劑對照、僅男性）。後半句「嚴重代謝紊亂」支持：Sun-MACRO 隨機雙盲安慰劑對照試驗，1248 人（原訂 2240 人）提前中止，1029 人年追蹤後主要腎臟複合終點無差異。差異：Sun-MACRO 的終點是腎功能不是糖萼厚度，兩者不同量，故只能支持「臨床療效不一」而非「糖萼療效不一」。「重症」（critically ill）一段查無任何舒洛地特研究，該子句未獲支持,glycocalyx/v3#6.1;glycocalyx/heparanase#2.5,
6.3-acei-arb-partial-protection,6.3,ACEI 與 ARB 經抑制 Angiotensin II 誘導的 heparanase 提供部分糖萼保護。,therapeutic,,,unverified,med,,原文稱「遠不如 SGLT2i」，屬比較級宣稱，未納入 statement,glycocalyx/heparanase#2.5,
6.3-alpha-lipoic-acid-approval-eu,6.3.1,α-硫辛酸在歐洲已核准用於糖尿病神經病變。,fact,,NCT:NCT02439879;NCT:NCT02613572,verified,high,2026-08-13,成立，且可指名主管機關：**德國**核准為處方藥，適應症為糖尿病多發性神經病變（另含肝病）。上市品項 Thioctacid HR（MEDA Pharma，Bad Homburg）、Thiogamma、Alpha-Lipogamma。NATHAN 1 四年期 RCT 即使用 Thioctacid HR。NCT02613572 試驗方案逐字載明其在德國核准用於糖尿病周邊神經病變已有多年。〔注意〕屬**各國藥證而非 EMA 集中授權**，原文僅稱「歐洲」略嫌寬泛但不為假。建列 note 要求「指不出具體主管機關即判 unsupported」，本次已指出，故判 verified,glycocalyx/heparanase#4.5;glycocalyx/heparanase#5.5,2027-08-13
6.3-alpha-lipoic-acid-evidence-1b,6.3,α-硫辛酸對糖萼保護的臨床證據等級為 1B。,therapeutic,,,unsupported,high,2026-08-13,建列 note 已指出的問題經查證成立：**原文以「歐洲核准糖尿病神經病變」作為證據等級 1B 的依據，但核准狀態與證據等級是兩件事**。核准本身已於 6.3.1 節點確認（德國處方藥，適應症糖尿病多發性神經病變），但該核准所依據的試驗（如 NATHAN 1）終點為神經病變症狀與傳導，非糖萼。且 6.3 第三批已確認**未找到任何將 α-硫辛酸與糖萼連結的一手研究**。〔欄位層級發現〕本列屬 §5.5 治療總表「臨床證據等級（2025）」欄。該欄的等級**是為別的終點給的**——具名試驗的主要終點為心血管、腎臟或視網膜結果，無一以糖萼為終點，而欄標題寫的是「對糖萼保護的臨床證據等級」。詳見批次報告 2026-08-13h §2。,glycocalyx/heparanase#5.5,
6.3-alpha-lipoic-acid-hs-antioxidant,6.3,α-硫辛酸的作用機制之一是以抗氧化保護糖萼的 HS。,therapeutic,,,unverified,med,,「之一」為原文模態，逐字保留。原文作「強力抗氧化」，程度副詞未納入 statement。本檔 §5 治療總表另稱其「直接保護 HS 側鏈不被氧化」，屆時互相標註。〔2026-08-02〕治療總表第 6 列機制欄重述同一機制，追加 source_ref,glycocalyx/heparanase#4.5;glycocalyx/heparanase#5.5,
6.3-alpha-lipoic-acid-nerve-degradation,6.3,α-硫辛酸減少神經內糖萼的降解。,mechanism,,,unverified,med,,治療總表第 6 列機制欄,glycocalyx/heparanase#5.5,
6.3-alpha-lipoic-acid-thickness-30-50pct,6.3,α-硫辛酸使糖萼厚度恢復 30-50%。,therapeutic,,,unsupported,high,2026-08-13,本列屬 §5.5「修復幅度」欄，該欄的計量「厚度恢復百分比」已於前批確認不存在於文獻（三個獨立文獻圈皆不使用）。「30-50%」查無出處，且**未找到任何將 α-硫辛酸與糖萼厚度連結的一手研究**。檢索回傳為一般糖萼文獻（syndecan-1 缺陷鼠、抗磷脂症候群、CABG 手術等），無一涉及該藥。檢索範圍：PubMed 與 Europe PMC 經 web 檢索，2026-08-13。〔注意〕本列數值與同表 Fenofibrate 列完全相同（30-50%），兩藥機制迥異卻共用同一範圍。〔重要〕本判定針對的是**該數值無出處**，不是該藥無效——兩者為不同問題，本次僅查證前者。,glycocalyx/heparanase#5.5,
6.3-anti-heparanase-mab-phase1-2,6.3.1,抗 heparanase 中和單株抗體處於 Phase I 至 Phase II。,fact,,!PMID:32907434,unsupported,high,2026-08-13,**取得正面反駁記錄，非查無**：綜述明載 heparanase 中和單株抗體處於**前臨床研究**階段，且 PMID:32907434 的臨床期化合物列舉（四個，全為 HS mimetic／肝素衍生物）不含任何抗體。依 backfill.md §3A 替換 3 的新增前提，有正面反駁記錄者不需跑三段式檢索。〔注意〕原文 §6.5 表給本列的抑制強度符號為 +++++（全表最高），卻是全表唯一未進入人體的類型——符號與實際開發階段呈反向。與 6.3-experimental-three-modalities（§5.5 總表列為實驗階段）的不一致至此解決：**§5.5 正確，§6.5 錯誤**,glycocalyx/heparanase#6.5,2027-08-13
6.3-anti-vegf-heparanase-indirect,6.3,抗 VEGF 注射（ranibizumab、aflibercept）可間接減少 heparanase 表現並部分恢復糖萼。,therapeutic,,,unverified,med,,「間接」與「部分」為原文模態，逐字保留。原文冠以「近期研究發現」，時間形容詞依 SCHEMA §6 移除，原措辭記此,glycocalyx/heparanase#3.5,
6.3-clinical-candidates-hs-mimetic-cancer,6.3.1,所有進入臨床的 heparanase 抑制劑候選藥物均以 HS mimetic 為主，且主要針對癌症。,fact,,PMID:32907434;NCT:NCT01764880;NCT:NCT02042781;NCT:NCT05061017,verified,high,2026-08-13,論域：曾登記於試驗註冊系統、且以 heparanase 抑制為機制主張的化合物。列舉結果為四個：Muparfostat (PI-88)、Roneparstat (SST0001)、Necuparanib (M402)、Pixatimod (PG545)。多篇獨立綜述一致，其中 PMID:32907434 逐字稱此四者為迄今唯一到達臨床試驗階段者。 四者全部為 HS mimetic 或肝素衍生物（Muparfostat 為磷酸甘露聚醣衍生的硫酸化寡醣，其餘三者為肝素衍生），且登錄適應症全部為癌症：肝癌、多發性骨髓瘤、胰腺癌、實體瘤。statement 的全稱「所有」在此論域內成立。〔推論〕全稱宣稱之所以可判，是因為論域小到可以列舉完——依 backfill.md §3A 替換 3B 第一類處置,glycocalyx/heparanase#6.7,2027-02-13
6.3-diabetic-complications-no-human-trial,6.3.1,糖尿病腎病變、視網膜病變與神經病變領域的 heparanase 抑制劑僅有動物與前臨床數據，尚未有正式人體試驗。,fact,,PMID:32907434;NCT:NCT01764880;NCT:NCT02042781;NCT:NCT05061017,verified,high,2026-08-13,論域：曾登記於試驗註冊系統、且以 heparanase 抑制為機制主張的化合物。列舉結果為四個：Muparfostat (PI-88)、Roneparstat (SST0001)、Necuparanib (M402)、Pixatimod (PG545)。多篇獨立綜述一致，其中 PMID:32907434 逐字稱此四者為迄今唯一到達臨床試驗階段者。 四者的登錄適應症全為癌症，**無一涉及糖尿病腎病變、視網膜病變或神經病變**。〔重要〕本列與 §3.5、§4.5 的表面衝突至此解決：那兩處所稱的 Roneparstat 與 PG545 人體試驗確實存在，但適應症為腫瘤，原文將其置於糖尿病併發症段落造成誤讀。**本列正確，§3.5 與 §4.5 的置放錯誤**。建列 note 推測的「除非前兩處指的是腫瘤適應症的試驗」獲證實,glycocalyx/heparanase#6.7,2027-02-13
6.3-doac-mace-sdc1-decline,6.3,直接口服抗凝血劑併用 aspirin 降低主要心血管不良事件，並觀察到 syndecan-1 下降。,therapeutic,,,unverified,high,,治療總表第 7 列證據等級欄（1B），原文具名 COMPASS 試驗。〔注意〕COMPASS 的主要終點是心血管事件，syndecan-1 是否為該試驗的量測項目須查證——若非，此處的併列即為兩個來源被寫成一句,glycocalyx/heparanase#5.5,
6.3-doac-thickness-20-40pct,6.3,直接口服抗凝血劑使糖萼厚度恢復 20-40%。,therapeutic,,~PMID:39496251,unsupported,high,2026-08-13,本列屬 §5.5「修復幅度」欄，該欄的計量「厚度恢復百分比」已於前批確認不存在於文獻（三個獨立文獻圈皆不使用）。「20-40%」查無出處。〔但該藥確有一手糖萼數據〕PMID:39496251（J Vasc Res 2025）顯示 rivaroxaban 於 H2O2 氧化壓力下的 HUVEC 中**劑量依賴地抑制 syndecan-1 自細胞表面脫落**，機制為 IQGAP1 轉位與 PAR1-PAR2/PI3K-Akt 途徑。以 ~ 標記，不對位維度有二：(1) 計量為脫落抑制而非厚度恢復百分比；(2) 體系為體外細胞培養，而欄標題為「動物/人體」。〔重要〕本判定針對的是**該數值無出處**，不是該藥無效——兩者為不同問題，本次僅查證前者。,glycocalyx/heparanase#5.5,
6.3-doac-thrombin-heparanase,6.3,直接口服抗凝血劑經抑制凝血酶誘導的 heparanase 與 MMPs 保護糖萼。,mechanism,,~PMID:39496251,partial,med,2026-08-13,**糖萼保護成立，但機制與所述不同。**PMID:39496251 確認 rivaroxaban 保護內皮糖萼免於氧化壓力損傷，機制為 **IQGAP1 自細胞膜轉位至核周＋PAR1-PAR2/PI3K-Akt 途徑**，終點為抑制 syndecan-1 脫落。statement 所述的「抑制凝血酶誘導的 heparanase 與 MMPs」**未見於該文獻**——PAR1 確為凝血酶受體，故「與凝血酶訊號相關」的大方向不誤，但下游被記載的是 PI3K-Akt 存活途徑而非 heparanase／MMPs。以 ~ 標記，不對位維度：**下游分子標的**。檢索範圍：PubMed 與 Europe PMC 經 web 檢索，2026-08-13，檢索式含 empagliflozin／GLP-1＋heparanase＋expression＋downregulation。,glycocalyx/heparanase#5.5,
6.3-doxycycline-mmp-inhibitor,6.3,Doxycycline 可作為 MMP 抑制劑用於保護糖萼。,therapeutic,,,unverified,high,,原文附「低劑量」，依 CLAUDE.md 第 6 條不得為劑量建 claim，故 statement 不含劑量描述,glycocalyx/heparanase#1.5,
6.3-early-treatment-3-12m-recovery,6.3,早期啟動糖萼保護治療後，多數患者可在 3-12 個月內看到標記下降與糖萼厚度恢復。,therapeutic,,,unverified,high,,出自 §5.4。原文列舉 SGLT2i、GLP-1 RA、Sulodexide、低劑量肝素、α-硫辛酸、fenofibrate 六類，其中「低劑量肝素」含劑量限定，依 CLAUDE.md 第 6 條不納入 statement。模態「多數患者」逐字保留,glycocalyx/heparanase#5.4,
6.3-empagliflozin-dn-animal-nbf,6.3,動物實驗中 empagliflozin 完全阻止神經內血管糖萼脫落並恢復神經內血流。,therapeutic,,,unverified,high,,「完全阻止」為絕對宣稱，逐字保留但須確認原始研究的效果量。與 6.3-sglt2-dr-thickness-40-60pct（視網膜厚度恢復 40-60%，動物）為同類的動物證據而終點不同：該列為厚度百分比，本列為脫落與血流的定性結果,glycocalyx/heparanase#4.5,
6.3-experimental-animal-full-reversal,6.3,實驗階段的糖萼修復策略在動物模型中完全逆轉糖萼損傷。,therapeutic,,,unsupported,high,2026-08-13,「完全逆轉」為絕對宣稱，且主詞為三種機制迥異策略的集合（抗 heparanase 單株抗體、HS-mimetic 多醣、EXT1 基因治療載體）。依建列 note 須逐一拆開查證，但**三者依 6.3.1 節點已確認全部處於前臨床**，且本次檢索未找到任何一者的動物糖萼厚度逆轉數據。集合式宣稱只要有一個成員不成立即為假，而三者無一有可對位的數據。〔注意〕本列為 6.3-experimental-thickness-80-100pct 的定性版本，兩列併看：後者的 80-100% 恰為「完全逆轉」的百分比化。檢索範圍：PubMed 與 Europe PMC 經 web 檢索，2026-08-13。〔重要〕本判定針對的是**該數值無出處**，不是該藥無效——兩者為不同問題，本次僅查證前者。,glycocalyx/heparanase#5.5,
6.3-experimental-thickness-80-100pct,6.3,實驗階段的糖萼修復策略使糖萼厚度恢復 80-100%。,therapeutic,,,unsupported,high,2026-08-13,全欄最高值，而依 6.3.1 節點已確認其三個成員（抗 heparanase 單株抗體、HS-mimetic 多醣、EXT1 基因治療載體）**全部處於前臨床**，無任何人體數據。欄標題為「動物/人體」，人體部分不存在。〔注意〕本列與 6.3-experimental-animal-full-reversal（同表「動物模型完全逆轉」）須併看：後者為定性宣稱，本列為其量化版本，而 80-100% 恰為「完全逆轉」的百分比化。〔推論〕**修復幅度欄的排序與臨床證據強度呈反向**——證據最少的實驗階段拿到最高值 80-100%，已進入人體的 SGLT2i、GLP-1 反而是 30-60%、25-50%。此形狀與 §6.5 表「抑制強度」欄的反向現象同型。〔欄位層級發現〕本列屬 §5.5 治療總表「修復幅度（動物/人體）」欄。本批抽樣六類藥物、三個獨立文獻圈（PBR 糖尿病、Sulodexide 糖尿病、重症醫學敗血症），無一使用「厚度恢復百分比」此一計量。詳見批次報告 2026-08-13f。,glycocalyx/heparanase#5.5,
6.3-experimental-three-modalities,6.3,抗 heparanase 單株抗體、HS-mimetic 多醣與 EXT1 基因治療載體為處於實驗階段的糖萼修復策略。,therapeutic,,,unverified,med,,治療總表第 10 列機制欄，原文舉 O-sulfated hyaluronan 為 HS-mimetic 的例子。同列策略欄的「2025–2028預計上市」為對未來的預測，依 STATUS §4 不建列，數值記此,glycocalyx/heparanase#5.5,
6.3-fenofibrate-dr-30-40pct,6.3,FIELD 與 ACCORD-Eye 試驗顯示非諾貝特使糖尿病視網膜病變進展減少 30-40%。,therapeutic,,,unverified,high,,治療總表第 5 列證據等級欄。既有 6.3-fenofibrate-dr-progression（同兩試驗，僅稱「減緩進展」未給數值）為同方向而無數值的版本，兩列互相標註,glycocalyx/heparanase#5.5,
6.3-fenofibrate-dr-progression,6.3,非諾貝特（fenofibrate）在 FIELD 與 ACCORD-Eye 試驗中減緩糖尿病視網膜病變進展。,therapeutic,,,unverified,high,,具名試驗，可查。本檔 §5 治療總表以百分比表述同一組試驗（「FIELD、ACCORD-Eye：DR 進展減少 30-40%」），屆時分列並互相標註,glycocalyx/heparanase#3.5,
6.3-fenofibrate-evidence-1b,6.3,非諾貝特對糖萼保護的臨床證據等級為 1B。,therapeutic,,,unsupported,high,2026-08-13,原文附註的 FIELD 與 ACCORD-Eye 試驗，終點為**糖尿病視網膜病變進展**，非糖萼。且 6.3 第三批已確認**未找到任何將非諾貝特與糖萼連結的一手研究**。既無糖萼終點的試驗，也無糖萼的任何資料，1B 無從對位。〔注意〕本列與 6.3-fenofibrate-dr-30-40pct（DR 進展減少 30-40%）須分開看：後者可能為真但屬視網膜終點。〔欄位層級發現〕本列屬 §5.5 治療總表「臨床證據等級（2025）」欄。該欄的等級**是為別的終點給的**——具名試驗的主要終點為心血管、腎臟或視網膜結果，無一以糖萼為終點，而欄標題寫的是「對糖萼保護的臨床證據等級」。詳見批次報告 2026-08-13h §2。,glycocalyx/heparanase#5.5,
6.3-fenofibrate-guideline-recognition,6.3,具名臨床指引將非諾貝特列為可減緩糖尿病視網膜病變進展的降血脂藥。,therapeutic,,,unverified,high,,原文作「唯一被多國指南承認可減緩 DR 進展的降血脂藥」，兼具絕對級（唯一）與未具名權威（多國指南），依 SCHEMA §6 改寫為可查核形式。查證時須指名具體指引，指不出即判 unsupported；「唯一」另須確認是否有其他降血脂藥獲同等承認,glycocalyx/heparanase#3.5,
6.3-fenofibrate-lipotoxicity,6.3,非諾貝特改善脂毒性。,mechanism,,,unverified,med,,治療總表第 5 列機制欄,glycocalyx/heparanase#5.5,
6.3-fenofibrate-ppara-nfkb,6.3,非諾貝特經激活 PPAR-α 抑制 NF-κB，減少 heparanase 與 MMPs。,therapeutic,,,partial,med,2026-08-13,**機制鏈前段為標準藥理、後段查無出處。**「激活 PPAR-α」是非諾貝特的公認作用機制；「PPAR-α 抑制 NF-κB」亦為文獻中常見的下游關聯。但「因而減少 heparanase 與 MMPs」這一步**查無支持**——6.3 第三批已確認未找到任何將非諾貝特與糖萼連結的一手研究，本批亦未找到非諾貝特與 heparanase 的連結。〔注意〕本列判 partial 而非 unsupported，因機制鏈的前段確為標準藥理，判 unsupported 會被讀成否定 PPAR-α 的作用。使本列與本檔相關的是後段，而後段不成立。檢索範圍：PubMed 與 Europe PMC 經 web 檢索，2026-08-13，檢索式含 empagliflozin／GLP-1＋heparanase＋expression＋downregulation。,glycocalyx/heparanase#3.5;glycocalyx/heparanase#5.5,
6.3-fenofibrate-thickness-30-50pct,6.3,非諾貝特使糖萼厚度恢復 30-50%。,therapeutic,,,unsupported,high,2026-08-13,本列屬 §5.5「修復幅度」欄，該欄的計量「厚度恢復百分比」已於前批確認不存在於文獻（三個獨立文獻圈皆不使用）。「30-50%」查無出處，且**未找到任何將非諾貝特與糖萼厚度連結的一手研究**。檢索範圍同 6.3-alpha-lipoic-acid-thickness-30-50pct（同一檢索式涵蓋兩藥）。〔注意〕與該列數值完全相同。〔對照〕本檔另有 6.3-fenofibrate-dr-30-40pct（FIELD／ACCORD-Eye 使 DR 進展減少 30-40%），該列為視網膜病變終點而非糖萼終點，屬不同宣稱，尚未查證。〔重要〕本判定針對的是**該數值無出處**，不是該藥無效——兩者為不同問題，本次僅查證前者。,glycocalyx/heparanase#5.5,
6.3-ffp-albumin-acute-50-80pct,6.3,鮮凍血漿或白蛋白補充在急性期使糖萼恢復 50-80%。,therapeutic,,,unsupported,high,2026-08-13,第三個文獻圈（重症醫學）同樣不使用百分比。FFP／白蛋白研究的計量為**血中 syndecan-1 濃度（ng/mL）**與硫酸乙醯肝素（g/g 乾重）：出血性休克患者 syndecan-1 由 554±93 降至 187±36 ng/mL（正常捐血者 27±1）。對厚度的表述為定性的「恢復至基線厚度」。〔重要〕綜述明載**未發現任何探討白蛋白預防敗血症糖萼降解的臨床研究**，且 FFP 的保護效果證據來自非敗血症模型（出血性休克大鼠與小鼠）。statement 的「急性期 50-80%」既無百分比出處，其所稱的敗血症人體證據亦不存在。〔欄位層級發現〕本列屬 §5.5 治療總表「修復幅度（動物/人體）」欄。本批抽樣六類藥物、三個獨立文獻圈（PBR 糖尿病、Sulodexide 糖尿病、重症醫學敗血症），無一使用「厚度恢復百分比」此一計量。詳見批次報告 2026-08-13f。,glycocalyx/heparanase#5.5,
6.3-ffp-albumin-evidence-2b,6.3,鮮凍血漿或白蛋白補充對糖萼恢復的臨床證據等級為 2B。,therapeutic,,,unsupported,high,2026-08-13,原文附「敗血症、重症醫學已證實糖萼恢復」但未具名試驗。6.3 第二批查證已確認：綜述**明載未發現任何探討白蛋白預防敗血症糖萼降解的臨床研究**，且 FFP 的糖萼保護證據來自**非敗血症模型**（出血性休克大鼠與小鼠）。人體資料為 syndecan-1 濃度變化（554±93 → 187±36 ng/mL）而非糖萼終點的對照試驗。2B 通常指品質較低的世代研究，此處連該層級的糖萼研究亦不存在。〔欄位層級發現〕本列屬 §5.5 治療總表「臨床證據等級（2025）」欄。該欄的等級**是為別的終點給的**——具名試驗的主要終點為心血管、腎臟或視網膜結果，無一以糖萼為終點，而欄標題寫的是「對糖萼保護的臨床證據等級」。詳見批次報告 2026-08-13h §2。,glycocalyx/heparanase#5.5,
6.3-ffp-albumin-plasma-protein-supplement,6.3,鮮凍血漿或白蛋白補充經直接補充血漿中吸附的白蛋白、SOD 與抗凝血酶 III 而穩定糖萼。,mechanism,,,unverified,med,,治療總表第 8 列機制欄。與 1.x 糖萼吸附血漿蛋白的結構敘述互為對照,glycocalyx/heparanase#5.5,
6.3-ffp-albumin-standard-protocol,6.3,具名重症醫學指引將鮮凍血漿與白蛋白補充列為急性糖萼崩潰的處置方案。,therapeutic,,,unverified,med,,出自 §5.6 第四線，原文「（重症醫學標準方案）」為未具名權威，依 SCHEMA §6 改寫為可證偽形式，原措辭記此。原文的劑量與給藥頻率依 CLAUDE.md 第 6 條不納入,glycocalyx/heparanase#5.6,
6.3-glp1-antiinflammatory-tnfa-il6,6.3,GLP-1 受體促效劑經降低 TNF-α 與 IL-6 產生直接抗發炎作用。,mechanism,,,unverified,med,,治療總表第 2 列機制欄,glycocalyx/heparanase#5.5,
6.3-glp1-dn-heparanase-ros,6.3,GLP-1 受體促效劑抑制神經內 heparanase 與 ROS。,therapeutic,,,unverified,med,,與 6.3-glp1-retinal-heparanase（抑制視網膜 heparanase 與發炎）為同一機制在不同器官的第二次出現，下游由「發炎」換成「ROS」。兩列須同批查證,glycocalyx/heparanase#4.5,
6.3-glp1-dn-ncv-pain,6.3,REWIND 與 STEP-2 試驗顯示 dulaglutide 與 semaglutide 改善神經傳導速度與疼痛評分。,therapeutic,,,unverified,high,,具名試驗。〔待查〕REWIND 與 STEP-2 的主要終點與族群不同（前者為 CVOT，後者為肥胖合併第二型糖尿病的減重試驗），神經傳導速度是否為其終點須逐一確認。本檔 §5 治療總表另將 REWIND 與 LEADER、STEP 併列為 GLP-1 RA 的糖萼證據，屆時互相標註,glycocalyx/heparanase#4.5,
6.3-glp1-endothelial-pericyte-heparanase-mmp9,6.3,GLP-1 受體促效劑抑制內皮細胞與周細胞的 heparanase 與 MMP-9。,mechanism,,,unsupported,med,2026-08-13,查無出處。〔零命中型態〕回傳為豐富的 SGLT2i／GLP-1 內皮文獻（MCP-1、endothelin-1、細胞老化、粒線體動態、ROS、焦亡、VEGFR-2、白血球黏附），**無一提及 heparanase**。依 queries.md §8.18，「主題正確但對象全錯」為零命中的可靠訊號。 文獻記載的 GLP-1RA 血管機制為降低白血球黏附、抑制發炎細胞浸潤、防止 eNOS 解偶聯、提升 NO 生物可用性，**未見 heparanase 或 MMP-9**，亦未見周細胞相關的此類記載。〔對照〕本檔另有 6.3-glp1-antiinflammatory-tnfa-il6（降低 TNF-α 與 IL-6），該列的抗發炎作用方向與文獻一致，屬不同宣稱，尚未查證。檢索範圍：PubMed 與 Europe PMC 經 web 檢索，2026-08-13，檢索式含 empagliflozin／GLP-1＋heparanase＋expression＋downregulation。,glycocalyx/heparanase#5.5,
6.3-glp1-evidence-1a,6.3,GLP-1 受體促效劑對糖萼保護的臨床證據等級為 1A。,therapeutic,,,unsupported,high,2026-08-13,**取得反駁記錄，非僅查無。**(1) 原文具名的三個試驗 LEADER、REWIND、STEP 主要終點皆為 MACE 或體重，已發表的子分析涵蓋 BMI 分層、腎臟結果、動脈硬化複合終點、metformin 併用等，**無任何糖萼子分析**。(2) 更關鍵：另有一項隨機分派雙盲安慰劑對照試驗（liraglutide 於第 2 型糖尿病患，以 [18F]FDG 攝取評估動脈發炎）**確實以 GlycoCheck 測量了糖萼完整性**，結果為「糖萼完整性…兩治療組間無差異」。故不僅無 1A 級糖萼證據，既有的直接測量結果為陰性。未取得該文 PMID（僅 PMC 編號），故 evidence 留空並於本 note 完整記載。〔欄位層級發現〕本列屬 §5.5 治療總表「臨床證據等級（2025）」欄。該欄的等級**是為別的終點給的**——具名試驗的主要終點為心血管、腎臟或視網膜結果，無一以糖萼為終點，而欄標題寫的是「對糖萼保護的臨床證據等級」。詳見批次報告 2026-08-13h §2。,glycocalyx/heparanase#5.5,
6.3-glp1-has2-hyaluronan,6.3,GLP-1 受體促效劑促進 HAS2 表達並增加透明質酸。,mechanism,,,unverified,med,,治療總表第 2 列機制欄。與 4.1-has2-suppression（慢性發炎抑制 HAS2）方向相反，兩列互為對照,glycocalyx/heparanase#5.5,
6.3-glp1-retinal-heparanase,6.3,GLP-1 受體促效劑直接抑制視網膜 heparanase 與發炎。,therapeutic,,,unverified,med,,「直接」為原文措辭，查證時須確認文獻是否排除經血糖或體重的間接路徑。與 6.3-sglt2-glp1-restore（定性、兩藥合併、未限器官）為不同條：本列限定 GLP-1 RA 與視網膜,glycocalyx/heparanase#3.5,
6.3-glp1-severe-dr-50pct,6.3,LEADER 與 SUSTAIN-6 的子分析顯示 GLP-1 受體促效劑使需雷射治療的嚴重糖尿病視網膜病變降低 50%。,therapeutic,,,unverified,high,,具名試驗加具體數值。〔待查〕原文以兩項試驗共同支持同一方向與同一數值，查證時須逐一核對各試驗的視網膜終點定義、效果方向與效果量；STATUS §3.3（方向被寫反）與 §3.13（兩個相反的過程共用同一個數字）在此皆為候選型態。本列為本批最優先查證項,glycocalyx/heparanase#3.5,
6.3-glp1-thickness-25-50pct,6.3,GLP-1 受體促效劑使糖萼厚度恢復 25-50%。,therapeutic,,~PMID:32326806,unsupported,high,2026-08-13,一手研究存在且設計良好：PMID:32326806（Ikonomidis 等，160 人隨機分派，liraglutide 為其中一組），但計量為 PBR（微米），非厚度恢復百分比，且測量時點為 4 與 12 個月。另 NCT03010683 亦以 PBR 微米報告 liraglutide 組於基線、3、6、12 個月的數值（2.1→2.07→2.5→2.04 μm）。「25-50%」查無出處。〔欄位層級發現〕本列屬 §5.5 治療總表「修復幅度（動物/人體）」欄。本批抽樣六類藥物、三個獨立文獻圈（PBR 糖尿病、Sulodexide 糖尿病、重症醫學敗血症），無一使用「厚度恢復百分比」此一計量。詳見批次報告 2026-08-13f。 〔2026-08-13 更正〕原填 tier=rct，違反 SCHEMA §7「不對位文獻（~）不計入 tier」，改為留空。,glycocalyx/heparanase#5.5,
6.3-heparanase-inhibition-blocks-multiple-diseases,6.3,抑制 heparanase 可同時阻斷多種重大疾病的進展。,therapeutic,,,unverified,med,,§6.6 第 3 點，原文附「未來10年最有潛力的治療標的」為評價語未納入。本句是節點 7 收錄理由的核心宣稱——若不成立，跨疾病的 heparanase 論述即失去共同基礎,glycocalyx/heparanase#6.6,
6.3-heparanase-inhibitor-dn-animal,6.3,PG545 與 Roneparstat 在糖尿病鼠中完全阻止神經病變。,therapeutic,,,unverified,high,,「完全阻止」為絕對宣稱。與 6.3-heparanase-inhibitor-dr-animal（同兩個化合物在動物模型完全阻止 DR）為同一句式的第二次出現，器官不同。兩列須同批查證並確認是否出自同一份研究,glycocalyx/heparanase#4.5,
6.3-heparanase-inhibitor-dr-animal,6.3,Roneparstat 與 PG545 在動物模型中完全阻止糖尿病視網膜病變發生。,therapeutic,,,unverified,high,,「完全阻止」為絕對宣稱，逐字保留，但查證時須確認原始研究的效果量。與 6.1-heparanase-inhibitor-target（已判 partial）的既有查證對照：該列 note 記載 pixatimod（PG545）與 roneparstat（SST0001）皆為 HS mimetic 異質性混合物、登錄適應症皆為腫瘤,glycocalyx/heparanase#3.5,
6.3-heparanase-inhibitor-dr-phase1,6.3.1,Roneparstat 與 PG545 已進入人體第一期試驗。,fact,,NCT:NCT01764880;NCT:NCT02042781,verified,high,2026-08-13,statement 字面成立：Roneparstat 有 NCT01764880（Phase 1，多發性骨髓瘤，Completed），PG545 有 NCT02042781（Phase Ia，晚期實體瘤）。兩者確實都進入過人體第一期。〔重要〕但原文將本句置於 §3.5 糖尿病視網膜病變的「未來候選藥物」項下，而兩個試驗的登錄適應症皆為腫瘤，**無任何 DR 適應症的人體試驗**。建列 note 標記的落差經查證確認存在，屬原文的置放問題而非 statement 本身為假，已提為修訂建議。stale_after 取 24 個月檔——「已進入」為已達成的里程碑，不會逆轉，見本批報告 §5 對 §13 分檔的檢討,glycocalyx/heparanase#3.5,2028-08-13
6.3-heparanase-inhibitor-phase2,6.3.1,PG545 與 Roneparstat 已進入人體第二期試驗。,fact,,NCT:NCT05061017;!NCT:NCT01764880,partial,high,2026-08-13,PG545（Pixatimod）成立：NCT05061017 登記為 Phase 2。Roneparstat **不成立**：NCT01764880 為其唯一登記人體試驗，階段 Phase 1，從未有 Phase II 登記存在，以 ! 標記為反駁證據。statement 將兩個化合物綁在同一句而其中一個為假，故判 partial。〔注意〕本列與 6.3-heparanase-inhibitor-dr-phase1（來源 §3.5）的衝突已解：兩者皆進入過 Phase I 為真，但僅 PG545 進入 Phase II，故 §3.5 正確而 §4.5 錯誤。STATUS §3.20 的實例,glycocalyx/heparanase#4.5,2028-08-13
6.3-heparanase-inhibitors-20-plus-trials,6.3.1,全世界至少有 20 個以上 heparanase 抑制劑進入臨床試驗階段。,fact,,!PMID:32907434,unsupported,high,2026-08-13,論域：曾登記於試驗註冊系統、且以 heparanase 抑制為機制主張的化合物。列舉結果為四個：Muparfostat (PI-88)、Roneparstat (SST0001)、Necuparanib (M402)、Pixatimod (PG545)。多篇獨立綜述一致，其中 PMID:32907434 逐字稱此四者為迄今唯一到達臨床試驗階段者。 statement 稱「至少 20 個以上」，實際為 4 個，差距達五倍。依 §3A 替換 3B 第二類，存在命題只求證真：檢索目標為湊數，湊到即停。本次列舉僅得 4 個，且多篇綜述明言此為全部，**故本判定為終局而非待續**，以 ! 標記反駁證據。〔注意〕建列 note 已指出本列與同節管線總表（僅列 6 個化合物，其中 3 個已終止、1 個仍在前臨床）差距一個數量級，本次確認總表較接近事實,glycocalyx/heparanase#6.6,2027-08-13
6.3-heparin-analog-sulodexide-class,6.3.2,Sulodexide 屬肝素類似物類的 heparanase 抑制劑。,fact,in_vitro,DOI:10.1186/1479-5876-10-213,verified,med,2026-08-13,J Transl Med 2012 以 ELISA 測得 sulodexide 抑制 heparanase-1，IC50 5 μg/mL，且明載抑制活性「完全來自其肝素成分」（exclusively in virtue to the heparin component），20% dermatan sulfate 無貢獻。此細節正面支持「肝素類似物類」的歸類，而非僅為分類慣例,glycocalyx/heparanase#6.5,
6.3-monitoring-biomarker-target-50pct,6.3,糖萼保護治療的追蹤目標為血中 Syndecan-1 與 heparan sulfate 下降超過 50%。,therapeutic,,,unverified,high,,出自 §5.7。此為治療目標值而非療程或劑量，故建列。原文的追蹤頻率（每 3-6 個月）屬療程安排，依 CLAUDE.md 第 6 條不納入,glycocalyx/heparanase#5.7,
6.3-muparfostat-phase3-failed,6.3,Muparfostat 在肝癌與黑色素瘤的多項 Phase III 試驗均未達主要端點，開發終止。,therapeutic,,,unverified,high,,管線總表第 5 列，適應症為肝癌術後輔助治療。本列與 Necuparanib 一列是本帳本僅有的兩條「該類藥物在 Phase III 失敗」的紀錄，與本檔他處對 heparanase 抑制劑的樂觀論述形成對照,glycocalyx/heparanase#6.7,
6.3-muparfostat-sulfated-oligosaccharide,6.3.2,Muparfostat（PI-88）為硫酸化寡醣混合物。,fact,in_vitro,PMID:17000682;PMID:32907434,verified,med,2026-08-13,PMID:17000682 述為 a mixture of highly sulfated oligosaccharides。PMID:32907434 更精確：高度硫酸化的單磷酸化甘露糖寡醣混合物，來源為酵母 Pichia holstii 的胞外磷酸甘露聚醣。〔注意〕與其餘三個 HS mimetic 不同，Muparfostat 非肝素衍生物而是甘露糖骨架，此差異 statement 未表達但不影響其為真,glycocalyx/heparanase#6.7,
6.3-natural-inhibitors-sulforaphane-quercetin,6.3.2,Sulforaphane 與槲皮素屬天然的 heparanase 抑制劑，用於輔助治療。,fact,,,unsupported,med,2026-08-13,兩種措辭檢索（sulforaphane+quercetin+heparanase；quercetin+HPSE+IC50+flavonoid）均無任何 heparanase 抑制文獻。兩化合物有據可查的酶抑制標的分別為 HDAC／STAT5／BACE1（sulforaphane）與 MCT6／PI3K／α-amylase／sEH／凝血酶（槲皮素），無一為 heparanase。檢索範圍：PubMed 與 Europe PMC 經 web 檢索，2026-08-13。〔注意〕原文 §6.5 表給本列的抑制強度符號為 +（全表最低），與查無支持的結果方向一致,glycocalyx/heparanase#6.5,
6.3-necuparanib-glycol-split-mimetic,6.3.2,Necuparanib（M402）為 glycol-split 的 HS mimetic。,fact,animal,PMID:21698156;PMID:32907434,verified,med,2026-08-13,M402 = Necuparanib（Momenta）確認。PMID:21698156 為 M402 的原始表徵論文（HS mimetic、低抗凝血活性、B16F10 鼠轉移模型）。PMID:32907434 逐字為 necuparanib (M-402) is another glycol-split HS mimetic similar to roneparstat，補上 glycol-split 這一項,glycocalyx/heparanase#6.7,
6.3-necuparanib-phase2-futility-halted,6.3,Necuparanib 用於胰腺癌的 Phase I/II 試驗因中期無效分析未達療效而於 2016 年中止，開發完全終止。,therapeutic,,,unverified,high,,管線總表第 4 列，具名試驗 NCT01621243，與 gemcitabine 及 nab-paclitaxel 聯用。〔注意〕M402 在 §2.5 被列為「二期試驗中」的未來候選藥物，而本列指其 2016 年即已終止，兩處衝突,glycocalyx/heparanase#6.7,
6.3-next-gen-inhibitors-5-8-ind-enabling,6.3.1,至少有 5-8 個學術或生技公司的新一代抗 heparanase 單株抗體或小分子項目處於 IND-enabling 階段。,fact,,,unsupported,high,2026-08-13,**論域不可列舉，依 backfill.md §3A 替換 3B 第三類，零檢索直接判定。** IND-enabling 為新藥臨床試驗申請遞件前的階段，法律上無公開揭露義務，公開來源結構性地不存在此類項目的完整清單。因此「5-8 個」既無法證真亦無法證偽——不是查不到，是不可能查到。〔注意〕本列的 unsupported 屬「不可能查到」型，**永遠不會翻案**，與「查了沒有」型的 unsupported 意義不同，重驗時不應重跑檢索,glycocalyx/heparanase#6.7,2027-08-13
6.3-no-approved-specific-heparanase-inhibitor,6.3.1,目前沒有任何 heparanase 特異性抑制劑獲得核准上市。,fact,,PMID:32907434,verified,high,2026-08-13,論域：曾登記於試驗註冊系統、且以 heparanase 抑制為機制主張的化合物。列舉結果為四個：Muparfostat (PI-88)、Roneparstat (SST0001)、Necuparanib (M402)、Pixatimod (PG545)。多篇獨立綜述一致，其中 PMID:32907434 逐字稱此四者為迄今唯一到達臨床試驗階段者。 四者無一獲准上市：Muparfostat 於肝癌 Phase III 未達主要端點、Roneparstat 停滯於 Phase I、Necuparanib 於 Phase II 因無效性分析中止、Pixatimod 的 Phase II 已於 2024-02 提前終止收案。〔注意〕與 6.3-sulodexide-approval-eu-asia 並存而不矛盾——限定詞「特異性」是關鍵：Sulodexide 為 GAGs 混合物，其核准適應症為血栓與慢性靜脈疾病，非以 heparanase 抑制為機制取得藥證,glycocalyx/heparanase#6.7,2027-02-13
6.3-noncoag-heparin-10-100x-sulodexide,6.3,非抗凝修飾肝素對 heparanase 的抑制強度比 sulodexide 強 10-100 倍。,therapeutic,in_vitro,PMID:26762172;DOI:10.1186/1479-5876-10-213,partial,high,2026-08-13,**方向成立，倍數需限定。**兩個 IC50 皆有出處但**單位不同**：Roneparstat 3 nM（莫耳濃度，PMID:26762172）、Sulodexide 5 μg/mL（質量濃度，DOI:10.1186/1479-5876-10-213 及 iScience 綜述）。要比較必須經分子量換算，而換算結果取決於採用哪個分子量：以 sulodexide 肝素成分 MW 約 7000 Da 計，5 μg/mL ≈ 714 nM，比值約 238 倍；以 Roneparstat MW 15000-25000 Da 反算其質量濃度約 0.06 μg/mL，比值約 83 倍。**區間落在 80-240 倍，跨越且超出所稱的「10-100 倍」上界。**〔重要〕兩個數值來自不同實驗室、不同分析方法，直接相除本身即不嚴謹。statement 建議改為「約兩個數量級」或註明換算依據,glycocalyx/heparanase#5.5,
6.3-noncoag-heparin-evidence-2a,6.3,非抗凝修飾肝素對糖萼保護的臨床證據等級為 2A。,therapeutic,,,unsupported,high,2026-08-13,原文附「動物完全阻止 DKD/DR，Phase II 進行中」。後半已由 6.3.1 節點反駁：該類三成員無一「進行中」——Roneparstat 停滯於 Phase I（NCT01764880，多發性骨髓瘤，2016 完成）、Necuparanib 的 Phase II 於 2016 年因無效性分析中止、Pixatimod 的 Phase II 於 2024-02 提前終止收案，且三者的登錄終點皆為腫瘤療效而非糖萼。前半「動物完全阻止 DKD/DR」屬動物資料，即使成立亦不支持「臨床證據等級」。〔欄位層級發現〕本列屬 §5.5 治療總表「臨床證據等級（2025）」欄。該欄的等級**是為別的終點給的**——具名試驗的主要終點為心血管、腎臟或視網膜結果，無一以糖萼為終點，而欄標題寫的是「對糖萼保護的臨床證據等級」。詳見批次報告 2026-08-13h §2。,glycocalyx/heparanase#5.5,
6.3-noncoag-heparin-inhibitor,6.3,非抗凝肝素衍生物（如 N-desulfated heparin、SST0001）可抑制 heparanase。,therapeutic,in_vitro,PMID:26762172,verified,high,2026-08-13,成立且有精確數值。Roneparstat（SST0001）對人類 heparanase 的 IC50 ≈ 3 nM，屬個位數奈莫耳等級，文獻稱其為「迄今開發出最強效的 heparanase 抑制劑之一」。N-去硫酸化／乙醯化的 glycol-split 肝素衍生物（含 ODSH、100NA-ROH）皆展現奈莫耳級 IC50。statement 的兩個舉例（N-desulfated heparin、SST0001）與化學類別皆與文獻相符,glycocalyx/heparanase#1.5;glycocalyx/heparanase#2.5;glycocalyx/heparanase#5.5,
6.3-noncoag-heparin-minimal-anticoagulation,6.3.2,N-去硫酸化或乙醯化的修飾肝素幾乎不具抗凝血作用。,fact,in_vitro,PMID:26762172;PMID:27842848,verified,med,2026-08-13,statement 的「幾乎不具抗凝血作用」對應文獻 non-anticoagulant 與 lack of anticoagulant activity。PMID:27842848 說明抗凝血活性的消除來自 ATIII 結合區的葡萄糖醛酸殘基被 glycol-split 破壞。與 6.3-roneparstat-n-acetylated-glycol-split 併看，兩列同源且不矛盾,glycocalyx/heparanase#5.5,
6.3-noncoag-heparin-thickness-70-90pct,6.3,非抗凝修飾肝素使糖萼厚度恢復 70-90%。,therapeutic,,,unsupported,high,2026-08-13,「70-90%」查無出處，且**該類化合物無任何人體糖萼數據可支持此值**。依 6.3.1 節點已確認：Roneparstat 停滯於 Phase I（多發性骨髓瘤，非糖萼終點）、Necuparanib 的 Phase II 於 2016 年中止、Pixatimod 的 Phase II 於 2024-02 提前終止收案，三者的登錄終點皆為腫瘤療效而非糖萼厚度。欄標題為「動物/人體」，但人體部分不存在。〔檢索範圍〕本列未對該三化合物的動物文獻做窮盡檢索，判定依據為欄位層級的計量不存在加上人體數據缺席。〔欄位層級發現〕本列屬 §5.5 治療總表「修復幅度（動物/人體）」欄。本批抽樣六類藥物、三個獨立文獻圈（PBR 糖尿病、Sulodexide 糖尿病、重症醫學敗血症），無一使用「厚度恢復百分比」此一計量。詳見批次報告 2026-08-13f。,glycocalyx/heparanase#5.5,
6.3-ovz-hs1638-dbdb-mouse-full-block,6.3,OVZ/HS-1638 在 db/db 小鼠中完全阻止蛋白尿與視網膜滲漏。,therapeutic,,,unverified,high,,管線總表第 6 列，具名出處為 2024 年 Cardiovascular Diabetology 論文。「完全阻止」為絕對宣稱,glycocalyx/heparanase#6.7,
6.3-ovz-hs1638-more-stable-cheaper,6.3.2,OVZ/HS-1638 比商業化的 heparanase 抑制劑更穩定且合成成本更低。,fact,,~PMID:38302978,unsupported,med,2026-08-13,"一手文獻（Cardiovasc Diabetol 2024, db/db 鼠）未測量穩定度，未提合成成本，亦未指名比較對象，故以 ~ 標記為相關但不對位。不對位維度：該文的終點是糖萼厚度與微血管通透性，本列宣稱的是化學／製程屬性。「更穩定、成本更低」僅見於該研究發布的新聞稿與二次報導，屬研究者前瞻性自述，無一手數據。同一報導並載明該研究無法確認 OVZ/HS-1638 在體內是否降低 heparanase 活性。statement 的比較對象「商業抑制劑」未具名，即使取得數據也無法對位",glycocalyx/heparanase#6.7,
6.3-ovz-hs1638-preclinical-small-molecule,6.3.1,OVZ/HS-1638 為新一代小分子 heparanase 抑制劑，處於前臨床動物模型階段。,fact,,PMID:38302978,verified,high,2026-08-13,成立。PMID:38302978（Cardiovasc Diabetol 2024）為 db/db 第二型糖尿病鼠研究，14 天腹腔給藥，終點為糖萼厚度、視網膜溶質通量與腎小球白蛋白通透性，確認處於前臨床動物模型階段。開發者為布里斯托大學。〔注意〕同研究的二次報導載明**該研究無法確認 OVZ/HS-1638 在體內是否降低 heparanase 活性**，此點與 6.3-ovz-hs1638-more-stable-cheaper（已判 unsupported）併看。原文的「預計 2026–2027 進入 Phase I」為預測，依既有處置不建列,glycocalyx/heparanase#6.7,2027-08-13
6.3-pg545-pixatimod-phase2-cancers,6.3.1,PG545 與 Pixatimod 屬小分子抑制劑，處於 Phase II，適應症為多種癌症。,fact,,NCT:NCT05061017,partial,high,2026-08-13,事實內容成立：Phase II（NCT05061017）、多種癌症（黑色素瘤、NSCLC、MSS mCRC）皆與註冊相符。但 statement 將 PG545 與 Pixatimod 表述為兩個並列主體，而 6.3-pixatimod-pg545-same-compound 已確認兩者為同一化合物，故 statement 須修訂。〔注意〕「處於 Phase II」的現在式與註冊狀態 Completed 有落差，見 6.3-pixatimod-only-active-oncology-compound。tier 依 §3A 留空,glycocalyx/heparanase#6.5,2027-08-13
6.3-pixatimod-dual-heparanase-tlr9,6.3,Pixatimod 為 cholestanol-四醣共軛物，兼具 heparanase 抑制與 TLR9 激動作用。,mechanism,,,unverified,high,,管線總表第 2 列類型欄。TLR9 激動作用為本帳本首次出現，且與 heparanase 抑制的方向不同——一為抑制降解酵素、一為激活先天免疫，查證時須分開,glycocalyx/heparanase#6.7,
6.3-pixatimod-monotherapy-phase1a,6.3,Pixatimod 單藥 Phase Ia 試驗中有 6 例疾病穩定。,therapeutic,,,unverified,high,,管線總表第 2 列，具名試驗 NCT02042781。原文的最大耐受劑量依 CLAUDE.md 第 6 條未納入,glycocalyx/heparanase#6.7,
6.3-pixatimod-mpdac-no-response,6.3,Pixatimod 與 nivolumab 聯用於轉移性胰腺癌的 cohort 無客觀緩解。,therapeutic,,,unverified,high,,管線總表第 2 列，同屬 NCT05061017。與同列 MSS mCRC 的結果並存，兩列互相標註——同一試驗不同 cohort 的結果相反,glycocalyx/heparanase#6.7,
6.3-pixatimod-nivolumab-mss-mcrc,6.3,Pixatimod 與 nivolumab 聯用於 MSS 轉移性結直腸癌的試驗中有 3 例部分緩解與 8 例疾病穩定。,therapeutic,,,unverified,high,,管線總表第 2 列，具名試驗 NCT05061017（Phase Ib）。原文的劑量依 CLAUDE.md 第 6 條未納入,glycocalyx/heparanase#6.7,
6.3-pixatimod-no-diabetes-trial,6.3.1,Pixatimod 沒有糖尿病相關的臨床試驗。,fact,,NCT:NCT05061017,verified,med,2026-08-13,藥物層級的註冊彙整（PatSnap 以 PG-545 為主鍵列出 4 個試驗）與開發適應症清單（GlobalData）皆無糖尿病項目；已登記適應症為晚期實體瘤、MSS mCRC、NSCLC、黑色素瘤、胰腺癌、登革熱、COVID-19。檢索範圍：ClinicalTrials.gov、澳洲 ANZCTR（ACTRN12617001573347）、藥物資料庫彙整。〔注意〕本列為缺席證據，非正面記錄；未逐一查詢 ChiCTR、CTRI 等非英語系統，但藥物層級彙整涵蓋 WHO ICTRP 索引來源。stale_after 取 6 個月檔（全域否定型）,glycocalyx/heparanase#6.7,2027-02-13
6.3-pixatimod-only-active-oncology-compound,6.3.1,Pixatimod 是腫瘤領域唯一仍在積極推進的 heparanase 抑制劑，但療效有限。,fact,,NCT:NCT05061017,partial,high,2026-08-13,「療效有限」成立：MSS mCRC 客觀緩解率 12%，mPDAC 世代無客觀緩解。「仍在積極推進」不成立：NCT05061017 的試驗方案文件載明 Zucero 於 2024-02-03 終止，停止收案且主持人決定終止追蹤，收案數由 61 降為 14，現狀為 Completed；截至本次查證未見任何新登記的 pixatimod 試驗。「唯一」一項需與其餘 heparanase 抑制劑並列比較，屬 6.3.1 第三批（全域否定與計數型）的範圍，本批不判。狀態時間戳：2024-02-03 終止收案,glycocalyx/heparanase#6.7,2027-02-13
6.3-pixatimod-pg545-same-compound,6.3.2,Pixatimod、PG545 與 PGN626 為同一化合物的不同代號。,fact,in_vitro,PMID:32274726;PMID:32907434;PMID:29531325,partial,high,2026-08-13,Pixatimod 為 PG545 的國際非專利藥名（INN），兩者確認為同一化合物。PGN626 經四種措辭檢索（文獻、公司/註冊、藥物資料庫、結構描述）均無任何記載，statement 須修訂刪除該代號。〔重要〕本列已成立的部分足以確認：本檔 §6.5 表、§2.5、§3.5、§4.5 將 PG545 與 Pixatimod 並列為兩個藥名，是同一化合物被計為兩個，見本批修訂建議,glycocalyx/heparanase#6.7,
6.3-pixatimod-phase1b-2,6.3.1,Pixatimod 的最高臨床階段為 Phase Ib 至 II。,fact,,NCT:NCT05061017;NCT:NCT02042781,verified,high,2026-08-13,註冊確認：NCT02042781 為 Phase Ia 單藥（晚期實體瘤），NCT05061017 原登記 Phase IIa 後改分類為 Phase 2，狀態 Completed。最高階段為 Phase II，statement 的「Phase Ib 至 II」成立。狀態時間戳：NCT05061017 最後更新 2023-12-19（收案關閉、N 由 61 降為 14）。tier 依 backfill.md §3A 替換 2 留空,glycocalyx/heparanase#6.7,2027-08-13
6.3-roneparstat-animal-dkd-dr-efficacy,6.3,Roneparstat 在動物模型中對糖尿病腎病變與視網膜病變有極佳療效。,therapeutic,,,unverified,high,,管線總表第 3 列。「極佳」為程度副詞而無比較基準，原措辭記此。與 6.3-heparanase-inhibitor-dr-animal（§3.5 稱在動物模型中完全阻止 DR 發生）為同方向而強度不同的表述，兩列須併看,glycocalyx/heparanase#6.7,
6.3-roneparstat-development-stalled,6.3.1,Roneparstat 的開發停滯於 Phase I 至 II，主要原因為腫瘤療效有限。,fact,,NCT:NCT01764880,partial,high,2026-08-13,「開發停滯」成立：唯一試驗 NCT01764880 於 2016-11 完成，註冊記錄最後更新 2017-10-23，此後無新試驗登記，與原文所記「2025 年無新試驗登記」一致。「停滯於 Phase I 至 II」應為 Phase I——從未進入 Phase II。「主要原因為腫瘤療效有限」**查無出處**：Phase I 結果（Haematologica 2018）記載各劑量皆耐受良好且安全，未將療效列為停止開發的理由；未找到 Leadiant／Sigma Tau 的公開說明。歸因部分不成立，故判 partial。stale_after 取 24 個月檔（已終結狀態）,glycocalyx/heparanase#6.7,2028-08-13
6.3-roneparstat-mm-phase1-results,6.3,Roneparstat 在晚期多發性骨髓瘤的 Phase I 試驗中有 1 例部分緩解與 2 例長期疾病穩定。,therapeutic,,,unverified,high,,管線總表第 3 列，具名試驗 NCT01764880。原文記其與低劑量 dexamethasone 聯用及最大耐受劑量，劑量依 CLAUDE.md 第 6 條未納入,glycocalyx/heparanase#6.7,
6.3-roneparstat-n-acetylated-glycol-split,6.3.2,Roneparstat 為 100% N-乙醯化且 glycol-split 的非抗凝肝素。,fact,in_vitro,PMID:26762172;PMID:27842848,verified,med,2026-08-13,Glycobiology 2016 逐字為 non-anticoagulant 100% N-acetylated and glycol-split heparin，三項描述全中。PMID:27842848 為首次完整結構鑑定，載明製程順序：全 N-去硫酸化 → N-乙醯化 → 高碘酸氧化／硼氫化還原（glycol-split）。此解開本列與 6.3-noncoag-heparin-minimal-anticoagulation 的表面矛盾——去硫酸化與乙醯化並非兩種說法，是同一製程的先後步驟。兩列併看,glycocalyx/heparanase#6.7,
6.3-roneparstat-phase1-complete-phase2-halted,6.3.1,Roneparstat 的 Phase I 已完成，Phase II 中止或未繼續。,fact,,NCT:NCT01764880,partial,high,2026-08-13,「Phase I 已完成」成立：NCT01764880，Phase 1，狀態 Completed，實際收案 19，2012-11 起、2016-11 完成，主辦 Sigma Tau Research Switzerland（EudraCT 2012-001127-12）。「Phase II 中止或未繼續」——**從未有 Phase II 登記存在**，故「未繼續」成立而「中止」不成立（無可中止之標的）。statement 的選言式使其不為假，但「中止」一詞暗示曾存在該試驗，建議修訂。狀態時間戳：最後更新 2017-10-23，最後驗證 2017-10,glycocalyx/heparanase#6.7,2028-08-13
6.3-sglt2-dkd-progression-40-50pct,6.3,SGLT2 抑制劑降低糖尿病腎病變進展 40-50%。,therapeutic,,~PMID:33217335,partial,high,2026-08-13,方向與量級大致成立但範圍偏高。EMPA-REG OUTCOME 顯示「新發或惡化腎病變」複合終點降低 **39%**，落在所稱「40-50%」之**下界外**。以 ~ 標記為相關但不對位，不對位維度為數值範圍：39% 非 40-50%。〔注意〕該複合終點的組成（進展至大量白蛋白尿、血清肌酸酐倍增、腎臟替代療法、腎病死亡）與 statement 的「糖尿病腎病變進展」不完全等同，惟方向一致。statement 建議修訂為「約 39%（EMPA-REG OUTCOME）」 〔2026-08-13 更正〕原填 tier=rct，違反 SCHEMA §7「不對位文獻（~）不計入 tier」，改為留空。,glycocalyx/heparanase#2.6,
6.3-sglt2-dkd-thickness-30-50pct,6.3,SGLT2 抑制劑使用 6 個月後糖萼厚度恢復 30-50%。,therapeutic,,~PMID:32326806,unsupported,high,2026-08-13,人體研究測的是 PBR（perfused boundary region，單位微米），非「厚度恢復百分比」。PBR 與糖萼厚度**成反比**（PBR 越大厚度越薄），且為紅血球滲入深度的估計值，不是厚度本身；文獻不做「PBR 變化 → 厚度恢復 %」的換算。 現有最相關的人體 RCT 為 PMID:32326806（Ikonomidis 等，160 名第 2 型糖尿病患隨機分派為 insulin／liraglutide／empagliflozin／併用四組），測量時點為基線、**4 個月與 12 個月，無 6 個月**，且顯示糖萼厚度增加者為 GLP-1RA＋SGLT2i **併用組**而非 SGLT2i 單用。不對位維度有三：計量單位（PBR μm vs 厚度 %）、時間窗（4/12 個月 vs 6 個月）、介入（併用 vs 單用）。「30-50%」查無出處,glycocalyx/heparanase#2.5,
6.3-sglt2-dn-trials-30-50pct,6.3,EMPA-REG、CANVAS 與 DECLARE 的子分析顯示 SGLT2 抑制劑降低新發或惡化的神經病變 30-50%。,therapeutic,,!PMID:33217335,unsupported,high,2026-08-13,**具名試驗與所述終點不符**。EMPA-REG OUTCOME 的主要終點為 MACE（心血管死亡、非致死性中風、非致死性心肌梗塞之複合），預先設定的次要分析為心衰住院等；CANVAS 與 DECLARE-TIMI-58 同為心血管結果試驗。**三項試驗均未將神經病變列為終點**，CVOT 的探索性變項清單（心衰住院、全因死亡等）亦不含神經病變。既無該終點，「降低 30-50%」無從產生。以 ! 標記反駁證據,glycocalyx/heparanase#4.5,
6.3-sglt2-dr-thickness-40-60pct,6.3,SGLT2 抑制劑使視網膜糖萼厚度恢復 40-60%。,therapeutic,,~PMID:32326806,unsupported,high,2026-08-13,「視網膜糖萼厚度恢復 40-60%」查無出處。原文標為動物實驗，但同段所引的兩個試驗名稱皆不支持：**DERBI 經檢索查無任何記載**；**DELIGHT 為真實試驗但屬白蛋白尿／CKD 領域**（PMID:30992195，主要終點為第 24 週 UACR 與 HbA1c），與視網膜終點無關。人體研究測的是 PBR（perfused boundary region，單位微米），非「厚度恢復百分比」。PBR 與糖萼厚度**成反比**（PBR 越大厚度越薄），且為紅血球滲入深度的估計值，不是厚度本身；文獻不做「PBR 變化 → 厚度恢復 %」的換算。 與 6.3-sglt2-dkd-thickness-30-50pct、6.3-sglt2-thickness-30-60pct 併看：三個平行值皆無出處,glycocalyx/heparanase#3.5,
6.3-sglt2-dr-trials-macular-edema,6.3,dapagliflozin 與 empagliflozin 在 DERBI 與 DELIGHT 等試驗中顯著減少黃斑水腫與糖尿病視網膜病變進展。,therapeutic,,!PMID:30992195,unsupported,high,2026-08-13,**兩個具名試驗皆不支持**。DERBI：經檢索**查無任何記載**，未見於試驗註冊系統、文獻或藥廠資料。DELIGHT：真實存在（PMID:30992195，Lancet Diabetes Endocrinol 2019）但為**白蛋白尿／慢性腎病試驗**——收案條件為 UACR 30-3500 mg/g 與 eGFR 25-75，主要終點為第 24 週 UACR 與 HbA1c，24 週療程，**無任何視網膜或黃斑終點**。以 ! 標記 DELIGHT 為反駁證據。〔注意〕DERBI 一名於本檔 §7 再度出現，該處抽取時應直接引用本列,glycocalyx/heparanase#3.5,
6.3-sglt2-evidence-1a,6.3,SGLT2 抑制劑對糖萼保護的臨床證據等級為 1A。,therapeutic,,,unsupported,high,2026-08-13,原文以「多項 CVOT、DKD、DR 子分析」為依據但未具名。CVOT（EMPA-REG、CANVAS、DECLARE）的主要終點為 MACE，預先設定次要分析為心衰住院、腎病變複合終點等，**無糖萼終點**（見 6.3-sglt2-dn-trials-30-50pct 的查證）。糖尿病領域現有的 SGLT2i 糖萼人體資料為 PMID:32326806（160 人，PBR 微米），其糖萼厚度增加見於 GLP-1RA＋SGLT2i **併用組**而非 SGLT2i 單用。〔注意〕建列 note 已指出「1A 通常指多項 RCT 或其薈萃分析的直接證據」，查證確認此處無直接證據，1A 是為心腎終點而非糖萼終點取得的。〔欄位層級發現〕本列屬 §5.5 治療總表「臨床證據等級（2025）」欄。該欄的等級**是為別的終點給的**——具名試驗的主要終點為心血管、腎臟或視網膜結果，無一以糖萼為終點，而欄標題寫的是「對糖萼保護的臨床證據等級」。詳見批次報告 2026-08-13h §2。,glycocalyx/heparanase#5.5,
6.3-sglt2-glp1-additive-restoration,6.3,SGLT2 抑制劑與 GLP-1 受體促效劑併用時糖萼修復效果可疊加。,therapeutic,,,unverified,high,,出自 §5.6 第一線，原文「最強組合，糖萼修復可疊加」。「可疊加」是可證偽的藥效交互作用宣稱，須有併用組與單用組的對照才成立,glycocalyx/heparanase#5.6,
6.3-sglt2-glp1-restore,6.3,SGLT2 抑制劑與 GLP-1 受體促效劑可部分恢復糖萼並減少 syndecan-1 脫落。,therapeutic,,,unverified,high,,原文措辭為「已被證實」，屬未具名權威措辭，依 SCHEMA §6 未納入 statement，記此待查。本檔 §2.5、§3.5、§4.5、§7 全段皆環繞此主張，屆時應追加 source_ref 而非另建列,glycocalyx/heparanase#1.5;glycocalyx/heparanase#2.5;glycocalyx/heparanase#3.5;glycocalyx/heparanase#4.5,
6.3-sglt2-hyperfiltration-shear,6.3,SGLT2 抑制劑經降低腎小球、視網膜與神經內的高濾過而減少剪應力對糖萼的損傷。,mechanism,,,unverified,med,,治療總表第 1 列機制欄。與 5.6.1-dkd-shear-loss-hyperfiltration（DKD 的高濾過機制）互相標註,glycocalyx/heparanase#5.5,
6.3-sglt2-indirect-strongest-protector,6.3,SGLT2 抑制劑被視為間接最強的糖萼保護藥，因其能大幅抑制 heparanase 表現而非僅補充 HS。,therapeutic,,,unverified,med,,§6.8。與 6.3-sglt2-strongest-heparanase-suppression（§5.5 總表稱 SGLT2i 抑制 heparanase 最強）為同一宣稱的兩處表述。§7 全節即為本列的詳述，抽取時須回頭標註,glycocalyx/heparanase#6.8,
6.3-sglt2-ros-tnfa-reduction,6.3,SGLT2 抑制劑減少 ROS 與 TNF-α。,mechanism,,,unverified,med,,治療總表第 1 列機制欄,glycocalyx/heparanase#5.5,
6.3-sglt2-strongest-heparanase-suppression,6.3,SGLT2 抑制劑是表列治療策略中對 heparanase 表達抑制最強者。,therapeutic,,,unsupported,med,2026-08-13,**三重問題。**(1) 查無出處：〔零命中型態〕回傳為豐富的 SGLT2i／GLP-1 內皮文獻（MCP-1、endothelin-1、細胞老化、粒線體動態、ROS、焦亡、VEGFR-2、白血球黏附），**無一提及 heparanase**。依 queries.md §8.18，「主題正確但對象全錯」為零命中的可靠訊號。 (2) **同表內部矛盾**：§5.5 第 2 列稱非抗凝修飾肝素為「目前最強 heparanase 抑制劑」，同一張表出現兩個「最強」。(3) **兩者的軸不同**：本列稱的是對 heparanase **表達**的抑制（轉錄層次），而非抗凝肝素的「最強」指的是**酵素活性**抑制（IC50 3 nM）。即使兩者各自成立也無法比較，而表格未做此區分。〔重要〕本檔 §7 整節建立在「SGLT2i 抑制 heparanase」之上，本列的查證結果對該節有連帶影響，§7 抽取時應直接引用。檢索範圍：PubMed 與 Europe PMC 經 web 檢索，2026-08-13，檢索式含 empagliflozin／GLP-1＋heparanase＋expression＋downregulation。,glycocalyx/heparanase#5.5,
6.3-sglt2-thickness-30-60pct,6.3,SGLT2 抑制劑使糖萼厚度恢復 30-60%。,therapeutic,,~PMID:32326806,unsupported,high,2026-08-13,治療總表第 1 列修復幅度欄「30-60%」查無出處。本值恰為另兩個平行值的**聯集邊界**——6.3-sglt2-dkd-thickness-30-50pct（腎，30-50%）與 6.3-sglt2-dr-thickness-40-60pct（視網膜，40-60%）的下界取 30、上界取 60。此形狀符合 STATUS §3.21 所記「閾值為彼此的函數，暗示係推導而非獨立測量」。人體研究測的是 PBR（perfused boundary region，單位微米），非「厚度恢復百分比」。PBR 與糖萼厚度**成反比**（PBR 越大厚度越薄），且為紅血球滲入深度的估計值，不是厚度本身；文獻不做「PBR 變化 → 厚度恢復 %」的換算。 且本列未指明器官與物種，欄標題僅寫「動物/人體」，即使有數據亦無法對位,glycocalyx/heparanase#5.5,
6.3-sst0001-phase2-pancreatic-dkd,6.3.1,SST0001（Roneparstat）處於 Phase II，適應症為胰腺癌與糖尿病腎病變。,fact,,!NCT:NCT01764880,unsupported,high,2026-08-13,**三項全部與註冊記錄相反**。NCT01764880 為 SST0001（Roneparstat）唯一登記試驗：階段為 Phase 1 非 Phase II；適應症為晚期難治型多發性骨髓瘤，非胰腺癌、非糖尿病腎病變；狀態 Completed。經 ClinicalTrials.gov 與藥物資料庫檢索，未見任何胰腺癌或 DKD 的 Roneparstat 人體試驗。以 ! 前綴標記為反駁證據。〔注意〕本列與 6.3-roneparstat-phase1-complete-phase2-halted 相距 30 行卻互相矛盾，本次查證確認後者較接近事實，見 STATUS §3.20,glycocalyx/heparanase#6.5,2027-08-13
6.3-sulforaphane-evidence-2c-sdc1-30-50pct,6.3,小規模人體試驗顯示螺旋藻或 sulforaphane 使 syndecan-1 下降 30-50%。,therapeutic,,,unverified,high,,治療總表第 9 列證據等級欄（2C），原文未具名試驗。原文劑量（螺旋藻與 sulforaphane 各一組）依 CLAUDE.md 第 6 條不納入 statement,glycocalyx/heparanase#5.5,
6.3-sulforaphane-nrf2-heparanase,6.3,螺旋藻與 sulforaphane 經激活 Nrf2 抑制 ROS 與 heparanase。,mechanism,,,partial,med,2026-08-13,**同 6.3-fenofibrate-ppara-nfkb 的結構。**「sulforaphane 激活 Nrf2」是該化合物最廣為記載的作用機制，「Nrf2 抑制 ROS」亦然。但「因而抑制 heparanase」**查無支持**——6.3.2 節點的 6.3-natural-inhibitors-sulforaphane-quercetin 已以兩種措辭檢索確認 sulforaphane 與槲皮素**皆無任何 heparanase 抑制文獻**（其已記載的酶抑制標的為 HDAC、STAT5、BACE1）。判 partial 而非 unsupported 的理由同上：否定整句會被讀成否定 Nrf2 途徑。〔注意〕螺旋藻與 sulforaphane 為兩種不同物質，原文並列而未區分，本列的查證僅涵蓋 sulforaphane,glycocalyx/heparanase#5.5,
6.3-sulforaphane-thickness-20-40pct,6.3,螺旋藻或 sulforaphane 使糖萼厚度恢復 20-40%。,therapeutic,,,unsupported,high,2026-08-13,本列屬 §5.5「修復幅度」欄，該欄的計量「厚度恢復百分比」已於前批確認不存在於文獻（三個獨立文獻圈皆不使用）。「20-40%」查無出處，且**未找到任何將螺旋藻或 sulforaphane 與糖萼厚度連結的一手研究**。檢索範圍：PubMed 與 Europe PMC 經 web 檢索，2026-08-13。〔注意〕本列數值與同表 DOAC 列完全相同（20-40%）。〔對照〕6.3.2 節點已確認 sulforaphane 亦查無任何 heparanase 抑制文獻（該列判 unsupported），兩者方向一致。〔重要〕本判定針對的是**該數值無出處**，不是該藥無效——兩者為不同問題，本次僅查證前者。,glycocalyx/heparanase#5.5,
6.3-sulodexide-approval-eu-asia,6.3.1,Sulodexide 在歐洲與亞洲已核准。,fact,,NCT:NCT06982196,verified,med,2026-08-13,歐洲成立：已於西班牙、義大利與東歐各國上市，生產者 Alfasigma（義大利）。亞洲成立：中國核准文號 H20140119（見 NCT06982196 試驗方案，Alfa Wassermann 義大利製，250 LSU 軟膠囊）。另於南美上市，美國仍在開發中。〔注意〕原文三處區域清單不同（§5.5「歐洲/亞洲」、§5.6「歐洲/俄羅斯/中國已可開立」、§6.7「歐洲/俄羅斯/中國已核准用於DKD」），本次查證支持最寬的表述；三份清單皆非錯誤，只是涵蓋範圍不同。**但 §6.7 稱「已核准用於 DKD」與核准適應症不符**，見 6.3-sulodexide-phase3-4-as-inhibitor 的 note,glycocalyx/heparanase#5.5;glycocalyx/heparanase#5.6;glycocalyx/heparanase#6.7,2027-08-13
6.3-sulodexide-composition,6.3,Sulodexide 為口服 GAGs 混合物，含 80% 低分子肝素與 20% dermatan sulfate。,definition,,,unverified,med,,成分比例。2026-07-30 therapeutic 批次已查證 sulodexide 的療效證據（PMID:20865240、PMID:22034636），但未查證成分比例。〔2026-08-01〕claim_type 由 fact 改為 definition（schema v8 逐列複核）〔2026-08-02〕治療總表第 3 列機制欄重述同一組成，原文作「80%快動低分子肝素」，「快動」一詞既有列未收，記此。〔2026-08-02〕管線總表第 1 列類型欄重述為「口服GAGs混合物（80%低分子肝素類似物）」，追加 source_ref,glycocalyx/heparanase#2.5;glycocalyx/heparanase#5.5;glycocalyx/heparanase#6.7,
6.3-sulodexide-dn-ncv-pain,6.3,小規模隨機試驗顯示 sulodexide 改善神經傳導速度與疼痛，可能透過補充 HS 類似物。,therapeutic,,,unverified,high,,「小規模」與「可能」為原文限定與模態，逐字保留。sulodexide 的第四列：6.1-sulodexide-mixed（糖萼厚度與腎功能，已判 partial）、6.3-sulodexide-proteinuria-30-50pct（蛋白尿）、6.3-sulodexide-retinal-leakage（視網膜滲漏）、本列（神經傳導與疼痛）。四列須同批查證，並對照 Sun-MACRO（PMID:22034636）的陰性結果,glycocalyx/heparanase#4.5,
6.3-sulodexide-evidence-1b,6.3,Sulodexide 對糖萼保護的臨床證據等級為 1B。,therapeutic,human_obs,PMID:20865240,partial,high,2026-08-13,**本欄唯一有直接糖萼終點人體資料的一列。** PMID:20865240（Diabetologia 2010）以第 2 型糖尿病患口服 sulodexide 8 週，直接測量舌下與視網膜糖萼尺寸並得到顯著改善。就「有無直接證據」而言本列成立，故判 partial 而非 unsupported。**未成立的部分**：原文附註「多項 DKD、DR、微量白蛋白尿 RCT」——那些試驗的終點是蛋白尿與視網膜滲漏，非糖萼；本檔亦未定義其證據分級所依據的體系，故「1B」這個具體等級無從對位。〔欄位層級發現〕本列屬 §5.5 治療總表「臨床證據等級（2025）」欄。該欄的等級**是為別的終點給的**——具名試驗的主要終點為心血管、腎臟或視網膜結果，無一以糖萼為終點，而欄標題寫的是「對糖萼保護的臨床證據等級」。詳見批次報告 2026-08-13h §2。,glycocalyx/heparanase#5.5,
6.3-sulodexide-hs-supplement-heparanase,6.3,Sulodexide 直接補充 HS 類似物並抑制 heparanase。,mechanism,in_vitro,DOI:10.1186/1479-5876-10-213,partial,med,2026-08-13,**後半成立、前半未成立。**「抑制 heparanase」有出處：IC50 = 5 μg/mL，且文獻明載該抑制活性**完全來自其肝素成分**（80% LMWH），20% dermatan sulfate 無貢獻。「直接補充 HS 類似物」則未見支持——文獻描述的作用是**酵素抑制**（競爭性佔據 heparanase 的受質辨識位），而非作為 HS 的替代物補進糖萼。兩者機制不同：前者阻止降解，後者補充結構。原文把兩者並列為 sulodexide 的作用機制，但只有前者有據,glycocalyx/heparanase#5.5,
6.3-sulodexide-mechanism-is-gag-supplement,6.3,Sulodexide 的主要機制為補充 GAGs 而非純粹抑制 heparanase。,mechanism,,,unverified,high,,§6.7 第 2 點。〔注意〕本列是理解 6.3-no-approved-specific-heparanase-inhibitor 的關鍵——Sulodexide 已核准但不算特異性抑制劑，兩列須併看。與 §5.5 總表稱其「強力抑制heparanase（IC50極低）」不一致,glycocalyx/heparanase#6.7,
6.3-sulodexide-only-clinically-available,6.3.1,Sulodexide 是唯一臨床可用的 heparanase 抑制相關藥物。,fact,,PMID:32907434;DOI:10.1186/1479-5876-10-213,verified,high,2026-08-13,論域：已核准上市且文獻載有 heparanase 抑制活性的藥物。Sulodexide 符合（DOI:10.1186/1479-5876-10-213 測得 IC50 5 μg/mL，且抑制活性完全來自其肝素成分）；四個臨床期特異性抑制劑均未獲准。〔注意〕邊界個案 pentosan polysulfate sodium（PPS）已核准用於間質性膀胱炎，屬肝素樣多硫酸鹽，但其作用機制載為補充受損的尿路上皮 GAG 層，非 heparanase 抑制，故排除於論域外。此排除理由須於重驗時沿用,glycocalyx/heparanase#6.7;glycocalyx/heparanase#6.8,2027-02-13
6.3-sulodexide-partial-inhibition-plus-hs,6.3,Sulodexide 的機制為部分抑制 heparanase 並補充 HS。,mechanism,,,unverified,med,,管線總表第 1 列。「部分」為程度限定，逐字保留。與 6.3-sulodexide-hs-supplement-heparanase（§5.5 總表稱「強力抑制heparanase」）在強度上不一致，兩列須併看,glycocalyx/heparanase#6.7,
6.3-sulodexide-phase3-4-as-inhibitor,6.3.1,Sulodexide 作為 heparanase 抑制劑的最高臨床階段為 Phase III 至 IV。,fact,,NCT:NCT06982196,partial,high,2026-08-13,Phase III 成立：目前有靜脈血栓栓塞（Alfasigma）與乾癬復發（NCT06982196，Phase 3，招募中）兩項。Phase IV 查無登記。〔重要〕限定語「作為 heparanase 抑制劑」不成立——所有 Phase III 試驗的框架皆為抗血栓或血管適應症，無一以 heparanase 抑制為終點或機制主張。Alfasigma 登記的核准適應症為血栓風險血管疾病、慢性靜脈潰瘍、慢性靜脈功能不全；**糖尿病腎病變列為「開發中」而非已核准**，與原文 §6.7「已核准用於DKD」及 §5.5「已核准適應症為糖尿病微量蛋白尿」不符，已提為修訂建議,glycocalyx/heparanase#6.7,2027-08-13
6.3-sulodexide-proteinuria-30-50pct,6.3,多項隨機試驗顯示 Sulodexide 持續降低 30-50% 蛋白尿，部分患者恢復正常白蛋白尿。,therapeutic,,,unverified,high,,與 6.1-sulodexide-mixed 為不同條且方向可能衝突：該列已判 partial，其反面證據為 Sun-MACRO（PMID:22034636），該試驗在顯性蛋白尿族群中主要腎臟終點無差異。本列的「多項 RCT 顯示降低 30-50%」須與該結果對照。〔2026-08-02〕管線總表第 1 列重述同一降幅，並具名兩項試驗（DIAB-10、Sulodexide Microalbuminuria Trial）——既有列的「多項隨機試驗」在此有了名字，追加 source_ref,glycocalyx/heparanase#2.5;glycocalyx/heparanase#6.7,
6.3-sulodexide-retinal-leakage,6.3,Sulodexide 在小規模試驗中減少視網膜滲漏與硬性滲出。,therapeutic,,,unverified,med,,「小規模」為原文限定，逐字保留。與 6.1-sulodexide-mixed（已判 partial，終點為糖萼厚度與腎功能）、6.3-sulodexide-proteinuria-30-50pct（終點為蛋白尿）為不同條：本列終點為視網膜滲漏。三列須同批查證，並對照 Sun-MACRO（PMID:22034636）的陰性結果,glycocalyx/heparanase#3.5,
6.3-sulodexide-sglt2-glp1-current-best,6.3,目前唯一能立即用於臨床保護糖萼的 heparanase 抑制相關方案為 Sulodexide 與 SGLT2i 或 GLP-1 RA 的組合。,therapeutic,,,unverified,high,,§6.8。與 6.3-triple-therapy-strongest-combination（§5.5 結論稱三聯療法為已知最強的糖萼修復組合）為同一組合的兩種表述，一稱「唯一可用」一稱「最強」，兩列須併看,glycocalyx/heparanase#6.8,
6.3-sulodexide-thickness-40-70pct,6.3,Sulodexide 使糖萼厚度恢復 40-70%，為表列策略中人體證據的最高幅度。,therapeutic,,~PMID:20865240,unsupported,high,2026-08-13,**最關鍵的一列，因其自稱「人體證據的最高幅度」。**一手研究確實存在：PMID:20865240（Broekhuizen 等，Diabetologia 2010），第 2 型糖尿病患口服 sulodexide 8 週，同時測舌下與視網膜糖萼。但結果報的是**絕對值**：舌下增至 0.93 [0.83-0.99] μm、視網膜增至 5.88 [5.33-6.26] μm，並無任何百分比。綜述對此研究的措辭一律為「部分恢復」（partially restored）。「40-70%」查無出處。〔可能的數字來源〕文獻另載第 2 型糖尿病患視網膜糖萼**流失 50%**——該值為流失幅度而非恢復幅度，若轉述時方向倒置，可能是此欄數字的來源之一。〔欄位層級發現〕本列屬 §5.5 治療總表「修復幅度（動物/人體）」欄。本批抽樣六類藥物、三個獨立文獻圈（PBR 糖尿病、Sulodexide 糖尿病、重症醫學敗血症），無一使用「厚度恢復百分比」此一計量。詳見批次報告 2026-08-13f。 〔2026-08-13 更正〕原填 tier=human_obs，違反 SCHEMA §7「不對位文獻（~）不計入 tier」，改為留空。,glycocalyx/heparanase#5.5,
6.3-triple-therapy-6-12m-40-70pct,6.3,三聯療法可使多數糖尿病患者的糖萼厚度在 6-12 個月內恢復 40-70%。,therapeutic,,,unverified,high,,出自結論段。模態「多數患者」逐字保留。〔注意〕40-70% 在總表中是 Sulodexide 單方的值（6.3-sulodexide-thickness-40-70pct），此處歸給三藥組合；時間 6-12 個月與 §5.4 的「3-12 個月」（6.3-early-treatment-3-12m-recovery）亦不同。兩處差異均為同一份文件內的表述不一致,glycocalyx/heparanase#5.7,
6.3-triple-therapy-prevents-complications,6.3,三聯療法延緩甚至阻止腎病變、視網膜病變、神經病變與心血管事件的發生。,therapeutic,,,unverified,high,,出自結論段，原文「大幅延緩甚至阻止」。四個終點皆為臨床硬終點，須有以三藥併用為介入的試驗才能證實,glycocalyx/heparanase#5.7,
6.3-triple-therapy-strongest-combination,6.3,SGLT2 抑制劑、GLP-1 受體促效劑與 Sulodexide 的三聯療法是已知最強的糖萼修復組合。,therapeutic,,,unverified,med,,出自結論段。「已知最強」的比較範圍未在原文界定。〔注意〕總表中修復幅度最高的兩項是非抗凝修飾肝素（70-90%）與實驗階段策略（80-100%），皆高於此三聯療法的組成藥物，結論與自身表格不一致,glycocalyx/heparanase#5.7,
7-heparanase-common-final-pathway,7,Heparanase 過度表現是多種疾病的共同最終路徑。,mechanism,,,unverified,med,,§6.3 首句。承載措辭，查證時須界定「多種疾病」的範圍。〔2026-08-02〕§6.6 第 2 點重述為「腫瘤轉移＋慢性發炎＋糖尿病慢性併發症的共同最終執行者」，追加 source_ref,glycocalyx/heparanase#6.3;glycocalyx/heparanase#6.6,
7-heparanase-core-driver-four-domains,7,Heparanase 是糖萼損傷、腫瘤轉移、慢性發炎與糖尿病併發症的核心驅動酵素。,mechanism,,,unverified,med,,接縫前言（L463）。四個領域併為一句，查證時須逐一拆開——四者的證據強度不同，本檔自身在 §6.3.3 也給了不同的證據等級（1A 至 1B）,glycocalyx/heparanase#L463,
7.1-tumor-ecm-degradation-invasion,7.1,Heparanase 降解基底膜與細胞外基質而促進腫瘤侵襲。,mechanism,,,unverified,med,,§6.3.1 機制第 1 項,glycocalyx/heparanase#6.3.1,
7.1-tumor-emt,7.1,Heparanase 促進上皮間質轉化。,mechanism,,,unverified,med,,§6.3.1 機制第 4 項,glycocalyx/heparanase#6.3.1,
7.1-tumor-exosome-premetastatic-niche,7.1,Heparanase 誘導外泌體 heparanase 而建立轉移前微環境。,mechanism,,,unverified,med,,§6.3.1 機制第 5 項,glycocalyx/heparanase#6.3.1,
7.1-tumor-growth-factor-release,7.1,Heparanase 釋放大劑量 VEGF、FGF-2 與 HGF 而促進腫瘤血管生成。,mechanism,,,unverified,med,,§6.3.1 機制第 2 項。與 4.1.2-growth-factor-release-low（生理狀態下「低量」釋放同三種生長因子）為同一機制的病理版，量級相反，兩列須併看,glycocalyx/heparanase#6.3.1,
7.1-tumor-high-expression-chemoresistance,7.1,腫瘤 heparanase 高表達與化療抗藥性相關。,epidemiology,,,unverified,high,,§6.3.1 臨床意義。與 7.1-tumor-high-expression-poor-prognosis、7.1-tumor-high-expression-metastasis 同源拆列,glycocalyx/heparanase#6.3.1,
7.1-tumor-high-expression-metastasis,7.1,腫瘤 heparanase 高表達與較高的轉移率相關。,epidemiology,,,unverified,high,,§6.3.1 臨床意義。與 7.1-tumor-high-expression-poor-prognosis、7.1-tumor-high-expression-chemoresistance 同源拆列,glycocalyx/heparanase#6.3.1,
7.1-tumor-high-expression-poor-prognosis,7.1,腫瘤 heparanase 高表達與較差的預後相關。,epidemiology,,,unverified,high,,§6.3.1 臨床意義「heparanase高表達 = 預後極差、轉移率高、化療抗藥」。原文以等號併列三個結局，依 SCHEMA §6 拆為三列（本列、7.1-tumor-high-expression-metastasis、7.1-tumor-high-expression-chemoresistance），三列互相標註。原文的「極差」為程度副詞，未給比較基準，statement 改為可證偽形式,glycocalyx/heparanase#6.3.1,
7.1-tumor-hs-fragment-tlr4,7.1,Heparanase 產生的 HS 碎片活化 TLR4 與 NF-κB 而促進腫瘤相關發炎。,mechanism,,,unverified,med,,§6.3.1 機制第 3 項。與 4.1-damp-tlr4-loop（HS 碎片經 TLR4 放大發炎）為同一機制在腫瘤場景的版本，兩列互相標註,glycocalyx/heparanase#6.3.1,
7.1-tumor-overexpression-90pct,7.1,超過 90% 的惡性腫瘤有 heparanase 過度表現。,epidemiology,,,unverified,high,,§6.3.1，原文舉乳癌、胰腺癌、結腸癌、黑色素瘤為例。「90%以上」為跨癌種的總括數值，未指明統計基礎,glycocalyx/heparanase#6.3.1,
7.2-ibd-mucosal-barrier,7.2,發炎性腸病的腸上皮與單核細胞 heparanase 增加而破壞黏膜屏障。,mechanism,,,unverified,med,,§6.3.2,glycocalyx/heparanase#6.3.2,
7.2-ms-tcell-bbb-crossing,7.2,多發性硬化症中活化 T 細胞的 heparanase 幫助其穿越血腦屏障。,mechanism,,,unverified,med,,§6.3.2,glycocalyx/heparanase#6.3.2,
7.2-ra-macrophage-tcell-expression,7.2,類風濕性關節炎的巨噬細胞與 T 細胞過度表現 heparanase。,mechanism,,,unverified,med,,§6.3.2,glycocalyx/heparanase#6.3.2,
7.2-ra-synovial-heparanase-100x,7.2,類風濕性關節炎患者滑液中的 heparanase 升高 100 倍。,epidemiology,,,unverified,high,,§6.3.2。〔注意〕本檔的「100 倍」出現於三個互不相關的場景：本列（RA 滑液）、§6.3.5（敗血症內皮數小時內升高 100 倍）、§6.4 表（Egr1 誘導 10–100 倍）。三者未必同源，但同一份文件反覆使用同一個量級，查證時應併看,glycocalyx/heparanase#6.3.2,
7.3-aki-ischemia-reperfusion-heparanase,7.3,缺血再灌注誘導急性腎損傷中 heparanase 急性升高。,mechanism,,,unverified,med,,§6.3.4。與 5.4（IRI）節點的既有列互為對照——本列限定於腎臟,glycocalyx/heparanase#6.3.4,
7.3-podocyte-heparanase-proteinuria,7.3,IgA 腎病、狼瘡腎炎與腎移植排斥中足細胞 heparanase 過度表現而導致蛋白尿。,mechanism,,,unverified,med,,§6.3.4。三種疾病併為一句，查證時須逐一拆開。與 5.6.1-dkd-heparanase-glomerular-podocyte（糖尿病場景的同一細胞型別）互相標註,glycocalyx/heparanase#6.3.4,
7.4-virus-host-heparanase-entry,7.4,SARS-CoV-2、HSV 與登革病毒利用或誘導宿主 heparanase 幫助病毒進入細胞。,mechanism,,,unverified,med,,§6.3.6。三種病毒併為一句且「利用或誘導」為二選一的模態，查證時須逐一拆開。與 5.2.2-covid-spike-direct-cleavage（棘突蛋白直接裂解糖萼）為不同機制，兩列互相標註,glycocalyx/heparanase#6.3.6,
